id,corrosion_risk
952a92_2017-02,0
952a92_2019-09,0
9a0b74_2019-04,0
9a0b74_2018-04,0
9a0b74_2024-04,1
9a0b74_2023-01,1
11725a_2018-06,0
11725a_2019-07,0
11725a_2020-11,0
11725a_2024-09,1
11725a_2024-04,1
11725a_2025-05,1
11725a_2025-02,1
e8929a_2019-10,0
e8929a_2023-07,1
e8929a_2025-03,1
e8929a_2016-05,0
e8929a_2025-02,1
e8929a_2023-12,1
e8929a_2021-02,1
f7835d_2022-07,0
f7835d_2027-04,1
f7835d_2021-02,0
1ec930_2022-04,0
1ec930_2029-06,1
1ec930_2027-03,1
1ec930_2028-10,1
1ec930_2027-12,1
1ec930_2026-05,1
1ec930_2030-04,1
8ae29c_2016-12,0
8ae29c_2019-02,0
8ae29c_2022-11,1
8ae29c_2025-01,1
8ae29c_2020-09,0
8ae29c_2018-10,0
8ae29c_2016-10,0
71d73e_2026-06,1
71d73e_2028-07,1
71d73e_2027-06,1
71d73e_2027-08,1
9d4e45_2019-12,0
9d4e45_2023-11,0
9d4e45_2021-08,0
9d4e45_2021-09,0
9d4e45_2019-09,0
9d4e45_2020-01,0
9d4e45_2026-02,1
53ac3e_2024-06,1
53ac3e_2020-05,0
a558fd_2021-05,0
a558fd_2023-07,0
a558fd_2029-02,1
a558fd_2025-09,1
075c19_2025-07,1
075c19_2027-02,1
075c19_2026-02,1
075c19_2021-05,0
bc05ec_2028-08,1
b8e83a_2019-02,0
b8e83a_2018-12,0
b8e83a_2025-06,1
b8e83a_2024-12,1
b8e83a_2020-05,0
b8e83a_2023-02,1
b8e83a_2021-01,0
f03c01_2018-12,0
f03c01_2019-01,0
f03c01_2023-12,1
f03c01_2022-09,1
f03c01_2024-01,1
f03c01_2021-05,1
f03c01_2023-02,1
f03c01_2020-09,0
b1e777_2025-09,0
b1e777_2021-08,0
b1e777_2021-02,0
050400_2018-12,1
050400_2019-02,1
91476e_2026-10,1
91476e_2025-01,1
91476e_2027-01,1
91476e_2025-05,1
91476e_2023-04,1
91476e_2026-09,1
91476e_2029-09,1
e96033_2024-04,1
e96033_2022-05,0
a8e3b5_2026-12,1
a8e3b5_2023-07,0
a8e3b5_2022-04,0
a8e3b5_2021-10,0
a8e3b5_2018-10,0
03892b_2025-09,1
03892b_2023-10,1
03892b_2021-04,1
03892b_2017-09,0
03892b_2022-12,1
66bc02_2020-10,0
66bc02_2025-12,1
66bc02_2024-04,1
66bc02_2026-03,1
a62f1e_2026-09,1
cb4045_2015-10,0
cb4045_2025-02,1
cb4045_2024-09,1
cb4045_2023-12,1
cb4045_2019-02,1
cb4045_2016-10,0
cb4045_2024-06,1
cb4045_2025-06,1
a7dca6_2025-02,1
a7dca6_2026-01,1
c9b460_2021-09,0
c9b460_2024-05,1
c9b460_2025-07,1
e824f3_2023-06,1
e824f3_2024-06,1
e824f3_2027-03,1
e824f3_2026-11,1
e824f3_2024-12,1
4b1b0a_2027-03,1
4b1b0a_2024-11,0
4b1b0a_2027-01,1
4b1b0a_2024-05,0
f43da9_2025-01,0
f43da9_2025-12,1
f43da9_2027-08,1
f43da9_2029-09,1
f43da9_2026-01,1
f43da9_2025-11,1
f43da9_2023-10,0
f43da9_2030-02,1
36aa6d_2018-09,0
36aa6d_2018-04,0
36aa6d_2022-01,1
36aa6d_2023-07,1
cd7110_2024-10,1
cd7110_2020-09,1
cd7110_2020-01,1
cd7110_2026-12,1
cd7110_2024-02,1
d1ad0f_2019-12,0
d1ad0f_2022-02,0
d1ad0f_2021-12,0
d1ad0f_2018-01,0
d1ad0f_2024-02,0
d1ad0f_2021-04,0
d1ad0f_2022-01,0
d1ad0f_2026-01,0
3a3d9b_2024-04,1
6c732f_2018-07,0
6c732f_2025-02,1
ec1b05_2023-02,0
ec1b05_2022-11,0
58607a_2023-03,1
58607a_2023-07,1
58607a_2025-10,1
58607a_2029-08,1
58607a_2021-08,0
58607a_2029-01,1
58607a_2029-05,1
58607a_2022-03,0
402fc6_2027-09,1
c5058d_2020-12,0
c5058d_2023-06,1
c5058d_2021-04,0
c5058d_2023-04,1
fba9d1_2022-10,0
e8e7d4_2025-09,1
6e036b_2026-10,1
6e036b_2025-04,1
6e036b_2020-09,0
6e036b_2024-09,1
6e036b_2024-10,1
1ea15d_2021-11,0
1ea15d_2022-06,0
1ea15d_2028-11,1
1ea15d_2026-01,1
1ea15d_2025-08,1
1ea15d_2026-12,1
1ea15d_2020-01,0
1ea15d_2026-02,1
e15eb1_2016-09,0
e15eb1_2021-02,0
e15eb1_2024-08,1
ac1a25_2023-04,0
ac1a25_2023-12,0
749fd0_2022-06,1
749fd0_2026-10,1
749fd0_2023-11,1
749fd0_2023-12,1
79bfa6_2022-09,1
d51841_2026-11,1
d51841_2026-03,1
d51841_2023-01,0
d51841_2022-11,0
d51841_2027-01,1
d51841_2024-03,0
d51841_2022-12,0
759149_2024-01,1
759149_2020-02,0
759149_2021-01,0
87f284_2016-09,0
87f284_2023-12,1
d3b90d_2018-10,0
d3b90d_2020-10,0
2dc203_2020-06,0
2dc203_2022-04,0
2dc203_2018-12,0
2dc203_2021-01,0
2dc203_2021-03,0
5a3386_2027-09,1
5a3386_2026-06,1
5a3386_2025-09,1
5a3386_2029-09,1
5a3386_2026-02,1
5a3386_2018-11,0
5a3386_2027-08,1
5a3386_2022-05,0
5174c2_2028-02,1
5174c2_2021-06,0
992f1f_2026-06,1
992f1f_2024-12,0
bef93d_2022-10,0
bef93d_2026-07,1
bef93d_2027-03,1
696b08_2027-03,1
696b08_2028-10,1
696b08_2025-03,1
696b08_2023-01,1
3689c7_2021-04,0
25cf0e_2028-09,1
25cf0e_2020-12,0
25cf0e_2024-05,0
25cf0e_2022-10,0
25cf0e_2029-12,1
25cf0e_2022-12,0
25cf0e_2025-05,0
30e8a1_2022-08,0
30e8a1_2017-12,0
30e8a1_2025-09,1
30e8a1_2023-06,0
30e8a1_2018-11,0
30e8a1_2016-11,0
30e8a1_2020-12,0
02f174_2021-11,0
02f174_2017-06,0
02f174_2021-06,0
db94b5_2026-03,1
fb66d7_2025-05,1
fb66d7_2025-02,1
fb66d7_2022-07,0
fb66d7_2024-03,1
e0d838_2027-12,1
e0d838_2025-11,1
e0d838_2027-07,1
e0d838_2021-05,0
e0d838_2020-12,0
e0d838_2026-03,1
e0d838_2021-02,0
b7b6b0_2017-06,0
b7b6b0_2024-06,1
b7b6b0_2021-01,0
b7b6b0_2026-02,1
b7b6b0_2024-10,1
b7b6b0_2025-06,1
b7b6b0_2024-09,1
5acf5c_2020-02,0
5acf5c_2024-08,0
5acf5c_2022-03,0
5acf5c_2018-01,0
5acf5c_2022-07,0
bbca42_2026-05,1
bbca42_2023-01,0
bbca42_2021-01,0
bbca42_2025-12,1
cb404c_2019-09,0
cb404c_2023-10,1
cb404c_2021-09,1
cb404c_2019-11,1
43ff13_2026-05,1
43ff13_2019-12,0
6d31a3_2025-05,1
6d31a3_2026-12,1
6d31a3_2021-05,0
6d31a3_2018-09,0
6d31a3_2027-03,1
6d31a3_2021-03,0
6d31a3_2024-08,1
a0abfd_2019-04,0
a0abfd_2025-06,0
a0abfd_2023-01,0
a0abfd_2026-10,1
a0abfd_2023-10,0
117e01_2020-09,1
117e01_2022-04,1
cfba7f_2019-06,0
cfba7f_2023-11,0
cfba7f_2024-10,1
cfba7f_2027-03,1
cfba7f_2025-12,1
ba118b_2021-09,0
ba118b_2018-02,0
ba118b_2024-03,0
ba118b_2020-05,0
dadb09_2026-02,1
dadb09_2021-05,0
dadb09_2028-03,1
dadb09_2024-03,1
dadb09_2025-12,1
dadb09_2022-03,1
1e2c16_2028-04,1
1e2c16_2024-09,0
1e2c16_2029-02,1
1e2c16_2026-08,1
1e2c16_2029-09,1
c77fe7_2026-06,1
c77fe7_2022-11,0
c77fe7_2026-01,1
7e486e_2020-03,0
75342b_2022-11,1
75342b_2024-05,1
75342b_2024-12,1
75342b_2022-12,1
31b745_2023-04,0
31b745_2021-06,0
31b745_2024-07,0
31b745_2025-09,1
31b745_2023-06,0
31b745_2023-01,0
31b745_2019-04,0
31b745_2023-03,0
e38daa_2021-05,0
e38daa_2029-04,1
e38daa_2022-10,0
e38daa_2024-02,0
e38daa_2028-02,1
e38daa_2022-05,0
48bfd8_2019-02,1
b29d94_2025-06,1
b29d94_2026-06,1
b29d94_2023-10,1
b29d94_2027-10,1
b29d94_2025-01,1
b29d94_2026-02,1
b29d94_2023-01,0
b29d94_2023-05,0
ae7d89_2023-04,1
ae7d89_2015-11,0
ae7d89_2023-12,1
a7b964_2025-11,1
a7b964_2021-01,0
f249f5_2018-06,0
f249f5_2020-10,1
f249f5_2026-06,1
f249f5_2022-10,1
f249f5_2026-01,1
f249f5_2024-10,1
f249f5_2028-02,1
f249f5_2024-03,1
2efea8_2023-02,0
2efea8_2023-08,1
2efea8_2021-07,0
2efea8_2024-11,1
2efea8_2022-05,0
2efea8_2025-07,1
2efea8_2023-10,1
2efea8_2021-05,0
af0c6c_2025-08,1
af0c6c_2026-07,1
af0c6c_2021-02,0
af0c6c_2025-11,1
af0c6c_2023-03,0
5e2bd1_2021-08,1
5e2bd1_2019-07,0
5e2bd1_2021-10,1
5e2bd1_2021-09,1
7b0769_2026-09,1
7b0769_2018-09,0
7b0769_2020-03,0
7b0769_2022-06,0
7b0769_2020-05,0
7b0769_2020-08,0
ef2c1e_2022-06,1
ef2c1e_2023-08,1
ef2c1e_2022-07,1
ef2c1e_2020-05,0
ef2c1e_2022-08,1
ef2c1e_2026-09,1
ef2c1e_2024-04,1
402bb8_2024-10,1
5ea36b_2022-01,1
5ea36b_2026-02,1
5ea36b_2020-01,1
5ea36b_2021-09,1
5ea36b_2025-12,1
5ea36b_2025-04,1
5ea36b_2023-03,1
90a3fe_2022-04,1
90a3fe_2020-03,0
90a3fe_2022-05,1
90a3fe_2021-12,0
a37b5d_2026-01,1
a37b5d_2027-07,1
a37b5d_2027-12,1
a37b5d_2028-08,1
a37b5d_2023-12,0
a37b5d_2027-09,1
a37b5d_2024-11,0
e2f873_2020-04,0
ed799d_2018-09,0
ed799d_2021-03,1
ed799d_2016-10,0
ed799d_2020-12,1
ed799d_2019-02,1
ed799d_2020-09,1
ed799d_2024-03,1
5a5b01_2019-09,0
5a5b01_2026-02,1
5a5b01_2021-08,0
5a5b01_2025-01,1
5a5b01_2021-10,0
5a5b01_2024-02,1
5a5b01_2017-04,0
b19520_2020-04,0
b19520_2018-02,0
b19520_2026-10,1
b19520_2017-11,0
b19520_2017-10,0
b19520_2020-06,0
192eb9_2023-04,1
dbe301_2021-11,0
dbe301_2026-08,1
dbe301_2025-11,1
dbe301_2022-07,0
5d9174_2023-11,1
5d9174_2018-11,0
5d9174_2022-12,1
5d9174_2023-09,1
5d9174_2017-11,0
6aa7af_2026-07,1
6aa7af_2018-09,0
6aa7af_2017-07,0
e71ca9_2025-12,1
e71ca9_2028-09,1
e71ca9_2024-02,1
e71ca9_2028-12,1
e71ca9_2022-04,0
4a0f59_2022-01,0
4a0f59_2028-04,1
4a0f59_2029-03,1
4a0f59_2026-11,1
637578_2025-04,1
637578_2023-07,1
bbfea9_2023-08,0
44e11f_2024-02,0
44e11f_2018-01,0
44e11f_2023-12,0
44e11f_2016-08,0
44e11f_2022-01,0
44e11f_2022-04,0
44e11f_2022-02,0
cbd695_2026-07,1
cbd695_2028-01,1
cbd695_2026-10,1
cbd695_2024-07,1
cbd695_2027-01,1
cbd695_2029-02,1
6fccd5_2025-07,1
6fccd5_2027-11,1
6fccd5_2026-04,1
6fccd5_2023-09,1
6fccd5_2027-01,1
7e0040_2021-02,0
7e0040_2020-11,0
7e0040_2027-01,1
7e0040_2021-01,0
7e0040_2023-01,0
12638e_2024-12,1
12638e_2025-09,1
12638e_2021-11,0
12638e_2023-10,0
12638e_2021-10,0
12638e_2023-11,0
12638e_2022-12,0
12638e_2021-08,0
394343_2027-09,1
394343_2025-11,1
394343_2021-10,1
394343_2018-04,0
394343_2028-03,1
3329fc_2019-03,1
3329fc_2021-03,1
a414b2_2024-07,1
a414b2_2024-03,1
a414b2_2022-06,0
a414b2_2025-10,1
2dc3f4_2021-02,0
2dc3f4_2022-12,0
194f72_2023-07,0
194f72_2026-11,1
194f72_2025-07,1
194f72_2026-09,1
266e3f_2029-02,1
266e3f_2024-04,1
266e3f_2022-07,0
266e3f_2023-04,0
266e3f_2021-04,0
266e3f_2021-02,0
266e3f_2025-09,1
ffc2ce_2020-09,0
ffc2ce_2024-08,0
ffc2ce_2026-04,1
ffc2ce_2021-05,0
ffc2ce_2021-08,0
ffc2ce_2023-11,0
54ca10_2027-05,1
54ca10_2026-02,1
54ca10_2020-11,0
54ca10_2022-05,1
54ca10_2020-10,0
bff67c_2022-07,0
bff67c_2029-01,1
bff67c_2025-10,1
0c8a7b_2023-04,1
0c8a7b_2023-12,1
0c8a7b_2017-12,1
7253db_2023-03,1
ccf053_2029-05,1
ccf053_2028-04,1
ccf053_2033-09,1
ccf053_2027-03,1
ccf053_2032-12,1
ccf053_2025-10,1
ccf053_2025-01,0
ccf053_2029-11,1
35cab2_2018-08,0
add6be_2021-04,0
add6be_2023-04,0
add6be_2026-08,1
add6be_2025-03,0
add6be_2027-01,1
88b7c2_2023-12,0
88b7c2_2020-11,0
88b7c2_2025-04,1
88b7c2_2019-03,0
d48b35_2019-08,1
d48b35_2023-04,1
d48b35_2023-03,1
d48b35_2024-02,1
d48b35_2025-12,1
d48b35_2019-03,1
d48b35_2019-05,1
f52b78_2019-04,0
f52b78_2019-07,0
d9ffdc_2020-11,0
d9ffdc_2023-04,0
b05aa6_2023-05,0
b05aa6_2023-03,0
b05aa6_2027-08,1
b05aa6_2027-06,1
b05aa6_2025-05,0
b05aa6_2027-05,1
b05aa6_2029-05,1
b05aa6_2028-03,1
be4a91_2022-12,0
be4a91_2024-04,1
be4a91_2025-01,1
be4a91_2027-02,1
64ace5_2017-05,0
64ace5_2019-02,0
64ace5_2019-08,0
28b0ee_2022-02,1
28b0ee_2022-03,1
28b0ee_2020-02,0
28b0ee_2021-11,0
28b0ee_2020-01,0
af4ff2_2024-12,0
af4ff2_2026-09,1
af4ff2_2029-01,1
af4ff2_2027-06,1
af4ff2_2026-05,1
af4ff2_2019-10,0
af4ff2_2022-12,0
af4ff2_2027-02,1
cfa8ab_2029-05,1
1cc0ac_2023-08,1
1cc0ac_2024-11,1
1cc0ac_2019-11,0
1cc0ac_2022-06,1
1cc0ac_2022-03,0
5b6c97_2019-01,1
5b6c97_2022-10,1
5b6c97_2023-03,1
5b6c97_2021-06,1
5b6c97_2017-06,0
59244b_2021-07,0
59244b_2019-11,0
59244b_2018-03,0
59244b_2019-04,0
59244b_2021-08,0
59244b_2022-06,0
3384e8_2025-04,1
3384e8_2022-11,1
3384e8_2021-12,0
3384e8_2020-01,0
3384e8_2020-02,0
3384e8_2026-06,1
3384e8_2021-09,0
60665b_2026-07,1
505a7f_2021-07,1
505a7f_2019-04,0
505a7f_2021-02,1
505a7f_2024-04,1
505a7f_2023-06,1
505a7f_2024-05,1
505a7f_2019-06,0
505a7f_2022-11,1
854d82_2022-08,1
854d82_2024-10,1
854d82_2019-06,1
854d82_2027-03,1
854d82_2024-02,1
7419df_2027-06,1
7419df_2023-06,0
7419df_2019-12,0
7419df_2025-04,0
f3d388_2030-02,1
f3d388_2028-11,1
f3d388_2024-10,1
f3d388_2021-05,0
68860b_2023-06,0
68860b_2025-07,1
68860b_2023-07,0
aeb367_2025-06,1
aeb367_2025-08,1
aeb367_2025-09,1
aeb367_2025-07,1
aeb367_2022-12,0
7b5150_2028-09,1
7b5150_2024-09,0
7b5150_2028-04,1
7b5150_2027-12,1
8dcf29_2026-06,1
8dcf29_2027-06,1
8dcf29_2022-10,0
8dcf29_2026-07,1
8dcf29_2021-10,0
2b072f_2019-01,0
6406b0_2025-09,1
6406b0_2023-08,1
6406b0_2024-04,1
6406b0_2026-02,1
6406b0_2022-03,1
aa005c_2022-04,0
aa005c_2024-04,0
aa005c_2023-12,0
aa005c_2023-01,0
aa005c_2021-02,0
aa005c_2020-08,0
aa005c_2025-06,1
aa005c_2024-10,0
850d3e_2027-12,1
850d3e_2024-02,0
850d3e_2022-05,0
850d3e_2024-05,0
15ffd5_2023-05,1
15ffd5_2025-08,1
15ffd5_2026-12,1
15ffd5_2028-05,1
15ffd5_2023-09,1
15ffd5_2019-02,0
15ffd5_2023-10,1
b1c35e_2028-08,1
b1c35e_2028-06,1
b1c35e_2024-09,0
b1c35e_2025-05,1
b1c35e_2024-10,0
b1c35e_2026-12,1
966e69_2025-02,1
966e69_2025-10,1
966e69_2017-03,0
966e69_2023-11,1
966e69_2019-04,0
966e69_2023-01,0
966e69_2021-02,0
be53d6_2025-05,1
be53d6_2025-02,1
56942f_2029-10,1
56942f_2027-01,1
56942f_2029-03,1
56942f_2025-05,0
56942f_2026-01,1
56942f_2027-02,1
56942f_2023-04,0
427021_2027-11,1
427021_2024-06,0
427021_2021-12,0
427021_2018-07,0
427021_2023-10,0
b97378_2022-03,0
b97378_2024-04,1
f802b3_2017-10,0
e5b534_2021-02,0
5042cc_2023-02,0
5042cc_2021-02,0
5042cc_2023-03,0
5042cc_2025-05,1
5042cc_2020-09,0
5042cc_2020-11,0
588bd9_2026-05,1
588bd9_2022-07,0
588bd9_2028-09,1
588bd9_2022-01,0
588bd9_2024-08,0
588bd9_2022-08,0
588bd9_2022-09,0
360f3f_2029-04,1
0ab5cf_2031-04,1
0ab5cf_2029-04,1
0ab5cf_2024-10,1
0ab5cf_2027-04,1
0ab5cf_2026-07,1
0ab5cf_2028-12,1
0ab5cf_2029-03,1
0ab5cf_2027-02,1
7befa2_2023-03,0
7befa2_2021-04,0
7befa2_2029-01,1
7befa2_2026-11,1
7befa2_2019-09,0
c854c7_2027-01,1
c854c7_2027-02,1
c854c7_2031-02,1
c854c7_2023-10,0
c854c7_2030-04,1
c854c7_2027-11,1
c854c7_2023-09,0
0cd2a6_2025-03,1
1a9cf6_2028-07,1
1a9cf6_2029-04,1
1a9cf6_2027-07,1
1a9cf6_2023-02,0
1a9cf6_2027-10,1
1a9cf6_2022-12,0
1a9cf6_2022-10,0
1a9cf6_2023-03,0
e345b5_2024-01,1
e345b5_2026-05,1
e345b5_2023-12,1
ddab14_2028-02,1
ddab14_2020-09,0
ddab14_2024-10,0
ddab14_2022-09,0
ddab14_2029-04,1
04ff3d_2026-03,1
04ff3d_2021-06,0
04ff3d_2021-01,0
04ff3d_2024-09,1
04ff3d_2028-04,1
04ff3d_2024-06,1
fd73e4_2026-04,1
fd73e4_2020-12,0
fd73e4_2026-05,1
fd73e4_2023-01,1
fd73e4_2025-12,1
58e831_2024-10,1
58e831_2021-07,1
58e831_2017-06,0
58e831_2024-02,1
58e831_2019-06,0
58e831_2023-08,1
3db2bf_2028-05,1
3db2bf_2026-11,1
3db2bf_2023-06,0
3db2bf_2026-08,1
3db2bf_2018-07,0
3db2bf_2024-08,1
3db2bf_2023-12,0
7fdde3_2023-09,1
7fdde3_2025-09,1
7fdde3_2026-07,1
7fdde3_2018-11,0
7fdde3_2020-04,0
f0a2aa_2025-04,1
8129ec_2029-03,1
8129ec_2023-01,0
8129ec_2020-11,0
8129ec_2028-05,1
8129ec_2029-01,1
8129ec_2023-04,1
0e69c3_2023-12,0
0e69c3_2022-07,0
0e69c3_2022-06,0
0e69c3_2032-10,1
0e69c3_2024-06,0
0e69c3_2024-12,1
0e69c3_2028-04,1
543d48_2021-05,0
543d48_2023-06,1
543d48_2023-12,1
543d48_2025-09,1
543d48_2021-01,0
543d48_2023-11,1
543d48_2018-11,0
131280_2024-09,0
131280_2026-03,1
131280_2024-06,0
131280_2026-12,1
131280_2020-10,0
131280_2024-11,0
131280_2020-07,0
464918_2029-09,1
464918_2029-01,1
464918_2021-11,0
464918_2027-05,1
464918_2026-01,1
464918_2029-12,1
464918_2024-08,0
464918_2025-02,0
e5031e_2026-10,1
e5031e_2026-06,1
e5031e_2025-02,1
e5031e_2018-06,0
c28873_2023-12,1
c28873_2023-06,1
c28873_2016-11,0
c28873_2025-02,1
17dfa5_2030-01,1
17dfa5_2027-06,1
17dfa5_2022-07,1
17dfa5_2028-01,1
a380c5_2027-08,1
a380c5_2029-08,1
a380c5_2024-03,0
a380c5_2028-12,1
a1deef_2018-12,0
668d0f_2026-12,1
668d0f_2023-02,1
668d0f_2025-03,1
0e6737_2025-02,1
0e6737_2018-07,0
49b10a_2021-06,0
ccadbe_2025-02,1
ccadbe_2018-05,0
ccadbe_2021-10,0
ccadbe_2021-01,0
403204_2026-09,1
403204_2028-06,1
403204_2026-01,1
403204_2028-12,1
403204_2026-03,1
403204_2022-07,0
403204_2026-08,1
fb28ac_2024-09,1
3d22b6_2027-10,1
3d22b6_2032-03,1
3d22b6_2023-07,0
3d22b6_2027-11,1
3d22b6_2027-06,1
255bee_2021-04,1
255bee_2025-04,1
ec3e0e_2027-11,1
ec3e0e_2022-01,0
f14c3a_2021-02,0
f14c3a_2023-05,0
f14c3a_2027-04,1
3b25ff_2025-04,0
3b25ff_2027-04,1
3b25ff_2023-08,0
3b25ff_2026-03,1
3b25ff_2025-08,1
3b25ff_2028-12,1
7b3a56_2024-09,1
7b3a56_2022-11,1
c530d7_2021-06,0
c530d7_2025-07,1
c530d7_2021-04,0
c530d7_2024-11,1
d2324e_2021-11,1
d2324e_2018-06,1
d2324e_2021-12,1
d2324e_2024-01,1
d2324e_2021-03,1
d2324e_2019-06,1
d2324e_2026-01,1
09f09f_2020-10,0
09f09f_2020-09,0
c2fff1_2021-02,0
c2fff1_2027-01,1
c2fff1_2027-12,1
c2fff1_2025-07,1
c2fff1_2025-11,1
c2fff1_2025-04,1
c2fff1_2022-09,1
7a39fc_2022-05,1
7a39fc_2026-04,1
46d6d7_2028-07,1
46d6d7_2026-10,1
46d6d7_2029-03,1
46d6d7_2025-12,1
46d6d7_2022-11,0
46d6d7_2025-06,1
46d6d7_2022-06,0
1e2a3c_2022-04,0
1e2a3c_2020-11,0
1e2a3c_2028-01,1
1e2a3c_2024-02,0
1e2a3c_2026-12,1
1e2a3c_2025-09,1
1e2a3c_2027-09,1
1e2a3c_2028-03,1
20e17f_2023-10,1
5dc541_2019-09,0
5dc541_2022-04,0
5dc541_2026-12,1
5dc541_2028-05,1
5dc541_2023-10,0
a2ce62_2028-08,1
a2ce62_2026-01,1
a2ce62_2024-06,0
2d3a5e_2025-06,1
2d3a5e_2027-07,1
2d3a5e_2019-02,0
e63c90_2025-01,0
e63c90_2025-05,0
e63c90_2022-11,0
e63c90_2023-06,0
655e38_2026-01,1
655e38_2024-07,1
655e38_2019-04,0
655e38_2018-12,0
655e38_2020-11,0
655e38_2025-01,1
52f310_2019-04,0
52f310_2023-04,1
18013e_2023-09,0
18013e_2021-11,0
18013e_2019-12,0
18013e_2022-09,0
18013e_2021-07,0
18013e_2018-07,0
18013e_2024-02,0
18013e_2023-06,0
815678_2019-04,0
815678_2023-06,0
815678_2025-05,1
815678_2018-03,0
815678_2021-10,0
cd5237_2025-10,1
cd5237_2025-09,1
cd5237_2021-03,0
cd5237_2019-12,0
80a7f3_2024-11,1
80a7f3_2020-02,0
80a7f3_2022-03,0
80a7f3_2024-07,1
80a7f3_2022-07,0
80a7f3_2026-02,1
80a7f3_2025-10,1
80a7f3_2018-03,0
861720_2024-07,1
4788c4_2029-09,1
4788c4_2028-12,1
4788c4_2026-07,1
4788c4_2026-05,1
4788c4_2027-08,1
4788c4_2025-04,1
4788c4_2022-02,0
4788c4_2020-05,0
9bde3c_2020-01,0
9bde3c_2026-09,1
9bde3c_2022-05,1
9bde3c_2024-06,1
9bde3c_2021-08,0
9bde3c_2022-04,0
6caa2f_2020-07,0
6caa2f_2024-04,1
6080c9_2025-04,0
6080c9_2023-08,0
f15113_2020-02,0
f15113_2025-02,1
f15113_2018-02,0
f15113_2024-02,1
f15113_2023-03,1
f15113_2019-12,0
8d1187_2026-01,1
8d1187_2031-03,1
8d1187_2028-08,1
8d1187_2024-04,0
8d1187_2023-04,0
8d1187_2024-10,0
6f8f09_2022-11,0
6f8f09_2023-10,0
6f8f09_2023-02,0
d34bbc_2025-11,1
d34bbc_2023-03,1
d34bbc_2021-06,1
99c70f_2025-08,0
99c70f_2027-06,1
99c70f_2025-03,0
99c70f_2028-04,1
99c70f_2021-08,0
99c70f_2027-12,1
99c70f_2021-07,0
99c70f_2023-06,0
289ad9_2026-09,1
289ad9_2024-10,0
289ad9_2024-09,0
289ad9_2022-05,0
289ad9_2027-12,1
289ad9_2025-12,1
289ad9_2026-11,1
289ad9_2022-04,0
b056a3_2017-02,0
b056a3_2025-01,1
b056a3_2024-08,1
b056a3_2022-11,1
b056a3_2021-04,1
6b230b_2024-04,1
6b230b_2027-05,1
6b230b_2025-04,1
6b230b_2018-06,0
6b230b_2026-12,1
6b230b_2023-12,1
6b230b_2020-08,0
6b230b_2024-08,1
addac1_2025-07,1
addac1_2021-02,0
addac1_2024-05,1
280763_2027-07,1
280763_2018-10,0
280763_2024-08,1
280763_2018-04,0
280763_2024-11,1
280763_2028-02,1
e6d0fd_2022-08,0
e6d0fd_2027-03,1
e6d0fd_2022-10,0
9d4a45_2025-09,1
9d4a45_2019-04,0
9d4a45_2025-04,1
9d4a45_2021-10,0
9d4a45_2021-09,0
9d4a45_2024-11,1
92c274_2020-08,0
92c274_2025-01,1
92c274_2024-07,1
92c274_2026-09,1
92c274_2026-04,1
92c274_2021-08,0
92c274_2023-11,1
95edfa_2025-03,1
95edfa_2019-03,1
95edfa_2022-12,1
9569de_2018-07,0
9569de_2023-03,0
9569de_2017-02,0
9569de_2022-02,0
9569de_2022-11,0
9569de_2019-03,0
9569de_2018-02,0
97ba75_2026-03,1
97ba75_2024-04,0
244977_2020-03,0
244977_2023-09,1
244977_2030-01,1
244977_2025-02,1
244977_2028-03,1
244977_2023-04,1
ef2b87_2020-07,0
ef2b87_2021-02,0
ef2b87_2026-04,1
c4dcc0_2024-09,0
ce2dab_2024-03,1
ce2dab_2020-04,0
ce2dab_2020-07,0
7c74e5_2027-03,1
7c74e5_2020-08,0
7c74e5_2024-07,0
df1539_2029-03,1
df1539_2026-05,1
df1539_2027-03,1
df1539_2027-06,1
c7e548_2025-11,1
c7e548_2023-03,0
c7e548_2028-06,1
c7e548_2025-02,0
cff739_2021-07,0
cff739_2026-04,1
cff739_2026-09,1
cff739_2021-12,0
e110d2_2025-04,1
e110d2_2022-08,0
e110d2_2022-05,0
e110d2_2020-01,0
e110d2_2020-06,0
984415_2025-02,1
984415_2016-12,0
984415_2021-04,1
75c4ac_2023-05,1
75c4ac_2018-08,0
75c4ac_2025-10,1
75c4ac_2025-07,1
75c4ac_2020-02,0
75c4ac_2024-09,1
c0d103_2025-02,0
c0d103_2025-11,1
c0d103_2028-07,1
c0d103_2021-03,0
c0d103_2029-03,1
9f5094_2026-07,1
9f5094_2026-09,1
9f5094_2022-05,1
9f5094_2022-03,1
9f5094_2021-11,1
9f5094_2022-04,1
9f5094_2018-07,0
9f5094_2020-07,0
de9892_2027-04,1
de9892_2026-06,1
de9892_2024-12,1
de9892_2025-10,1
de9892_2020-06,0
de9892_2021-03,1
339408_2023-02,1
339408_2018-06,0
339408_2023-03,1
339408_2020-12,1
339408_2015-07,0
339408_2017-01,0
339408_2019-01,0
339408_2024-09,1
998afe_2018-04,0
998afe_2019-08,0
998afe_2019-09,0
998afe_2017-02,0
998afe_2021-07,0
998afe_2024-11,0
998afe_2021-08,0
8b15df_2026-03,1
8b15df_2022-11,0
57e70f_2026-10,1
d4d142_2024-12,1
d4d142_2020-11,0
d4d142_2017-04,0
d4d142_2022-06,1
ae496f_2023-01,0
ae496f_2027-05,1
ae496f_2025-12,1
ae496f_2024-11,0
ae496f_2029-10,1
ae496f_2026-04,1
ae496f_2028-02,1
c8fba6_2026-01,1
9702a5_2021-02,0
9702a5_2025-04,0
9702a5_2025-02,0
9702a5_2028-01,1
9702a5_2024-10,0
9702a5_2021-06,0
9702a5_2023-06,0
9702a5_2027-08,1
9ba0ac_2025-05,1
9ba0ac_2025-01,1
471f4d_2019-10,0
471f4d_2021-11,0
471f4d_2021-08,0
471f4d_2024-04,1
471f4d_2025-10,1
471f4d_2024-06,1
3a2c8f_2024-04,0
3a2c8f_2025-11,1
3a2c8f_2018-04,0
3a2c8f_2025-02,0
3a2c8f_2022-07,0
3a2c8f_2020-07,0
3a2c8f_2018-01,0
3a2c8f_2020-04,0
8e870b_2023-08,0
a4a47e_2022-06,1
a4a47e_2027-08,1
a4a47e_2023-04,1
a4a47e_2020-03,0
a4a47e_2024-11,1
657a2b_2019-05,0
657a2b_2025-03,1
657a2b_2016-12,0
657a2b_2023-04,1
ae486d_2021-11,0
ae486d_2024-03,0
ae486d_2028-08,1
ae486d_2027-01,1
ae486d_2028-07,1
127b58_2023-08,0
127b58_2022-01,0
127b58_2026-06,1
127b58_2024-01,0
127b58_2027-09,1
127b58_2022-05,0
127b58_2020-04,0
d2fe0c_2021-09,0
d2fe0c_2027-06,1
d2fe0c_2029-02,1
d2fe0c_2026-06,1
d2fe0c_2023-11,0
d2fe0c_2021-10,0
d2fe0c_2027-10,1
c6c39a_2024-05,1
c6c39a_2026-09,1
c6c39a_2021-12,1
c6c39a_2024-04,1
c6c39a_2024-06,1
166e88_2022-09,1
166e88_2020-12,0
166e88_2022-12,1
166e88_2024-04,1
166e88_2016-09,0
166e88_2023-02,1
2f282e_2022-09,0
2f282e_2026-06,1
2f282e_2025-03,1
2f282e_2027-08,1
2f282e_2020-08,0
2f282e_2024-07,1
2f282e_2025-11,1
8ab8e5_2018-10,0
478a74_2026-06,1
478a74_2023-03,0
478a74_2023-06,0
478a74_2025-01,1
131125_2023-02,0
131125_2025-05,1
131125_2020-07,0
619f29_2025-06,1
619f29_2024-09,1
a96386_2027-03,1
a96386_2027-02,1
a96386_2033-07,1
a96386_2023-11,0
a96386_2026-10,1
a96386_2030-05,1
a96386_2033-03,1
ee5c70_2022-01,0
ee5c70_2022-02,0
511908_2023-08,0
511908_2027-06,1
511908_2027-10,1
511908_2031-07,1
511908_2023-05,0
511908_2022-09,0
511908_2021-06,0
511908_2023-04,0
81e235_2028-07,1
81e235_2025-12,1
81e235_2027-02,1
81e235_2027-04,1
81e235_2024-07,0
81e235_2024-10,0
81e235_2022-10,0
81e235_2020-09,0
8a44c7_2027-11,1
8a44c7_2026-04,1
8a44c7_2028-04,1
8a44c7_2025-07,1
8a44c7_2026-10,1
d6880f_2021-10,1
d6880f_2022-08,1
d6880f_2022-04,1
d6880f_2027-10,1
2b2fc9_2026-02,1
8ab246_2025-02,1
8ab246_2029-11,1
8ab246_2022-05,0
8ab246_2029-01,1
8ab246_2020-11,0
8ab246_2024-11,0
234d70_2025-04,1
234d70_2027-04,1
234d70_2027-12,1
234d70_2020-07,0
234d70_2029-02,1
234d70_2026-05,1
234d70_2024-07,0
234d70_2026-08,1
e94ad7_2019-06,0
e94ad7_2025-05,1
e94ad7_2022-12,1
e94ad7_2023-05,1
e94ad7_2024-08,1
e94ad7_2019-01,0
859586_2025-01,1
743031_2020-11,0
743031_2020-04,0
743031_2026-11,1
5e62a0_2023-07,0
5e62a0_2028-06,1
5e62a0_2028-04,1
5e62a0_2027-08,1
eb385a_2020-04,0
eb385a_2026-12,1
eb385a_2020-07,0
eb385a_2024-04,1
eb385a_2024-03,1
8c3c39_2024-04,1
8c3c39_2021-09,0
d16a95_2021-09,0
d16a95_2025-10,1
d16a95_2028-02,1
db2a64_2027-02,1
db2a64_2024-09,1
db2a64_2026-10,1
db2a64_2018-11,0
db2a64_2019-01,0
db2a64_2025-03,1
ce7861_2028-04,1
ce7861_2029-01,1
ce7861_2026-04,1
ce7861_2028-03,1
ce7861_2026-06,1
f370fc_2023-07,1
f370fc_2019-10,0
f370fc_2019-08,0
f370fc_2025-01,1
f370fc_2021-08,0
d09915_2019-08,0
d09915_2019-06,0
d09915_2023-09,0
d09915_2023-11,1
d09915_2021-08,0
d09915_2025-08,1
d09915_2022-12,0
d09915_2026-04,1
614c8b_2028-04,1
614c8b_2021-03,0
614c8b_2023-06,1
614c8b_2025-01,1
614c8b_2021-11,0
614c8b_2023-11,1
cead5b_2020-11,0
cead5b_2018-05,0
cead5b_2016-06,0
cead5b_2025-03,1
cead5b_2024-09,0
9db923_2023-10,1
9db923_2029-09,1
9db923_2023-05,0
9db923_2025-06,1
9db923_2027-07,1
9db923_2025-02,1
9db923_2028-08,1
5e638d_2034-06,1
5e638d_2028-08,1
5e638d_2032-07,1
5e638d_2028-10,1
5e638d_2024-08,0
5e638d_2028-03,1
5e638d_2028-07,1
5e638d_2026-07,1
2a6f60_2020-08,0
2a6f60_2023-01,0
2a6f60_2026-09,1
2a6f60_2028-09,1
2a6f60_2027-02,1
2a6f60_2023-02,0
10ab51_2025-08,0
a7fe2c_2020-03,0
a7fe2c_2020-10,0
a7fe2c_2022-07,1
a7fe2c_2022-10,1
a7fe2c_2018-04,0
a7fe2c_2018-07,0
a7fe2c_2024-06,1
8d4752_2024-03,1
8d4752_2018-11,0
8d4752_2023-01,0
8d4752_2025-09,1
8d4752_2020-12,0
8d4752_2028-04,1
cdee45_2020-03,0
cdee45_2019-04,0
1ded5e_2031-05,1
1ded5e_2027-08,1
1ded5e_2032-07,1
1ded5e_2030-11,1
1ded5e_2026-02,1
1ded5e_2028-07,1
d973e4_2020-10,0
09958c_2024-05,1
09958c_2025-06,1
09958c_2022-05,0
0fcc11_2024-12,1
0fcc11_2023-06,0
0fcc11_2021-05,0
c21125_2022-01,0
c21125_2029-10,1
c21125_2026-11,1
c21125_2022-07,0
c21125_2023-12,0
c21125_2027-11,1
6380b6_2024-05,1
6380b6_2020-05,0
6380b6_2025-08,1
6380b6_2021-10,0
6380b6_2024-03,1
6380b6_2027-01,1
6380b6_2023-07,1
6380b6_2025-04,1
ceb0c8_2027-06,1
eb6ab8_2027-01,1
eb6ab8_2025-04,1
eb6ab8_2025-03,1
eb6ab8_2023-11,0
eb6ab8_2024-09,1
f725c1_2020-04,0
f725c1_2024-06,1
f725c1_2024-05,1
f725c1_2026-05,1
f725c1_2020-03,0
f725c1_2024-10,1
f725c1_2018-02,0
f725c1_2027-02,1
c118ba_2019-06,0
c118ba_2021-09,0
bcc1a0_2019-10,0
bcc1a0_2024-05,1
bcc1a0_2022-03,0
bcc1a0_2025-04,1
bcc1a0_2026-05,1
bcc1a0_2025-12,1
bcc1a0_2024-06,1
333265_2023-04,1
bab0b7_2023-01,1
bab0b7_2027-08,1
bab0b7_2021-10,0
bab0b7_2021-01,0
d390a2_2024-04,1
d390a2_2025-07,1
d390a2_2025-08,1
565994_2022-10,1
565994_2018-10,0
565994_2019-02,0
565994_2022-05,1
565994_2019-01,0
a41bec_2028-06,1
a41bec_2027-11,1
a41bec_2027-10,1
a41bec_2025-10,1
a41bec_2025-09,1
a2ae80_2021-11,1
a2ae80_2025-02,1
a2ae80_2024-10,1
a2ae80_2027-10,1
a2ae80_2023-07,1
1d31bc_2026-02,1
1d31bc_2024-08,0
1d31bc_2019-09,0
1d31bc_2019-10,0
1d31bc_2023-11,0
1d31bc_2021-05,0
0e0f44_2023-03,1
0e0f44_2023-10,1
0e0f44_2019-03,0
0e0f44_2024-09,1
0e0f44_2019-05,0
0e0f44_2022-08,1
0e0f44_2019-04,0
0e0f44_2017-10,0
73eac3_2022-02,0
73eac3_2026-04,1
73eac3_2024-12,1
73eac3_2025-12,1
fd9779_2019-11,0
661e37_2026-05,1
661e37_2020-09,0
661e37_2026-12,1
661e37_2018-09,0
661e37_2025-03,1
661e37_2028-04,1
9e9ce7_2026-04,1
9e9ce7_2028-04,1
9e9ce7_2024-05,1
9e9ce7_2026-05,1
9e9ce7_2026-12,1
9e9ce7_2022-05,0
9e9ce7_2022-04,0
1ca0f0_2027-07,1
f67d0d_2023-01,1
f67d0d_2019-01,0
edb75f_2028-12,1
639f3e_2021-01,0
639f3e_2024-10,1
639f3e_2025-03,1
989f30_2030-07,1
85f0b2_2030-09,1
85f0b2_2025-06,0
85f0b2_2030-03,1
85f0b2_2031-08,1
85f0b2_2025-11,1
85f0b2_2023-04,0
85f0b2_2025-12,1
7cb758_2025-02,0
7cb758_2019-03,0
b3d162_2027-02,1
b3d162_2022-09,1
b3d162_2021-11,1
b3d162_2025-11,1
b3d162_2025-02,1
b3d162_2021-09,1
b3d162_2019-05,0
b3d162_2018-04,0
c0b941_2026-06,1
c0b941_2025-12,0
c0b941_2026-04,1
4fb111_2024-09,0
754667_2025-08,1
754667_2026-12,1
754667_2021-12,0
754667_2028-03,1
754667_2028-06,1
8f4f45_2023-07,0
8f4f45_2019-05,0
8f4f45_2025-06,0
8f4f45_2021-01,0
8f4f45_2020-11,0
8f4f45_2022-08,0
8f4f45_2021-05,0
3604ee_2022-06,0
3604ee_2022-10,1
3604ee_2020-10,0
3604ee_2022-01,0
3604ee_2024-07,1
655394_2020-12,0
fce0b7_2027-08,1
fce0b7_2021-04,0
fce0b7_2022-10,0
fce0b7_2023-08,0
fce0b7_2025-06,1
fce0b7_2026-02,1
3a6876_2027-11,1
3a6876_2027-06,1
3a6876_2029-12,1
3a6876_2025-01,0
3a6876_2023-08,0
ab49c0_2021-04,1
ab49c0_2021-03,1
ab49c0_2026-07,1
86c238_2021-07,0
86c238_2022-11,0
86c238_2021-08,0
86c238_2022-12,0
86c238_2023-09,0
86c238_2019-04,0
ebd47a_2024-05,0
ebd47a_2023-08,0
ebd47a_2025-07,1
ebd47a_2022-05,0
ddbf53_2019-08,0
ddbf53_2024-12,1
ddbf53_2019-06,0
ddbf53_2024-09,1
ddbf53_2023-11,1
ddbf53_2025-05,1
562123_2020-10,0
562123_2026-11,1
562123_2023-03,1
e417d2_2026-05,1
e417d2_2024-04,1
e417d2_2028-04,1
e417d2_2024-02,1
f0c1e8_2023-07,1
315ab4_2022-04,0
315ab4_2018-01,0
315ab4_2022-05,0
315ab4_2025-08,1
315ab4_2024-08,1
315ab4_2021-11,0
315ab4_2025-09,1
691916_2022-03,1
691916_2016-06,0
691916_2020-02,0
691916_2016-10,0
d76df6_2025-11,0
e2d345_2025-08,1
e2d345_2020-11,0
818836_2023-08,0
818836_2026-06,1
818836_2026-04,1
818836_2028-04,1
818836_2025-07,1
649be8_2023-10,1
649be8_2028-02,1
649be8_2024-02,1
649be8_2028-03,1
649be8_2023-05,0
649be8_2020-01,0
649be8_2028-07,1
20ec38_2026-12,1
20ec38_2024-04,0
20ec38_2022-09,0
e51569_2026-09,1
e51569_2028-05,1
e51569_2023-12,0
e51569_2020-07,0
e51569_2021-07,0
e51569_2025-04,0
e51569_2028-02,1
f6e2dd_2022-05,0
f6e2dd_2024-12,0
f6e2dd_2019-07,0
f6e2dd_2021-02,0
f6e2dd_2019-09,0
f6e2dd_2025-10,1
f6e2dd_2023-12,0
f33e0d_2019-08,0
f33e0d_2026-02,1
a52244_2023-04,0
d6f7e7_2020-05,0
d6f7e7_2019-05,0
baace9_2023-01,1
63b9bf_2024-12,0
b3c07d_2022-01,0
b3c07d_2023-08,0
b3c07d_2023-11,0
b3c07d_2018-08,0
defe07_2020-09,0
defe07_2026-11,1
defe07_2024-01,1
defe07_2024-02,1
defe07_2025-05,1
cd57cd_2022-05,0
cd57cd_2028-05,1
cd57cd_2029-03,1
cd57cd_2025-03,1
cd57cd_2024-05,1
cd57cd_2022-07,0
7331dc_2023-05,0
7331dc_2021-07,0
7331dc_2021-10,0
b8cf50_2027-12,1
b8cf50_2025-10,1
b8cf50_2026-07,1
b8cf50_2021-11,0
b8cf50_2023-09,1
b8cf50_2021-04,0
b4cdcb_2022-12,0
b4cdcb_2026-04,1
b4cdcb_2023-04,0
b4cdcb_2023-03,0
b4cdcb_2029-02,1
b4cdcb_2022-07,0
b4cdcb_2025-06,1
60ef5c_2023-10,1
89f501_2023-11,1
89f501_2020-01,0
89f501_2020-07,0
89f501_2020-05,0
89f501_2024-09,1
89f501_2026-09,1
89f501_2025-12,1
ab92d7_2023-01,0
ab92d7_2025-08,1
edb22b_2021-09,1
99e6b4_2028-08,1
b958cf_2024-02,0
b958cf_2022-03,0
b958cf_2022-11,0
b958cf_2018-09,0
0769f1_2027-11,1
0769f1_2022-03,0
0769f1_2028-06,1
0769f1_2018-08,0
5889de_2027-03,1
5889de_2019-07,0
5889de_2028-08,1
5889de_2022-10,0
6242f5_2027-02,1
6242f5_2027-03,1
6242f5_2024-09,0
6242f5_2022-12,0
47c099_2028-07,1
47c099_2025-06,0
47c099_2026-07,1
47c099_2025-01,0
47c099_2023-09,0
47c099_2026-10,1
1fefee_2022-01,0
1fefee_2025-04,0
1fefee_2024-03,0
1fefee_2024-08,0
1fefee_2020-02,0
1fefee_2019-09,0
1fefee_2020-03,0
1fefee_2017-07,0
c1b5d1_2025-03,0
c1b5d1_2017-05,0
c1b5d1_2023-10,0
c1b5d1_2024-02,0
a01d2e_2022-07,1
a01d2e_2022-03,1
a01d2e_2022-05,1
a01d2e_2026-02,1
a01d2e_2022-06,1
a01d2e_2025-11,1
a01d2e_2028-11,1
38a63a_2023-02,0
38a63a_2028-06,1
38a63a_2029-07,1
38a63a_2026-11,1
38a63a_2025-03,1
38a63a_2022-08,0
a3e054_2022-10,0
a3e054_2027-05,1
a3e054_2025-04,1
a3e054_2029-04,1
a3e054_2025-12,1
a3e054_2026-12,1
6ab6d0_2021-08,0
cf16f5_2026-02,1
cf16f5_2023-10,0
ed75b9_2022-05,0
ad3bc7_2018-09,0
ad3bc7_2020-05,0
ad3bc7_2020-09,0
ad3bc7_2022-11,0
4e401f_2026-01,1
d3dbc6_2026-11,1
d3dbc6_2019-06,0
d3dbc6_2025-07,1
d3dbc6_2024-09,0
d3dbc6_2019-08,0
d3dbc6_2027-04,1
d3dbc6_2025-06,1
d3dbc6_2022-11,0
c9f626_2025-02,0
c9f626_2025-12,1
c9f626_2018-05,0
c9f626_2017-12,0
c9f626_2019-05,0
c9f626_2019-10,0
c9f626_2022-10,0
82c60b_2022-06,0
82c60b_2024-05,0
82c60b_2024-03,0
82c60b_2024-06,1
82c60b_2026-03,1
82c60b_2029-10,1
8cc0b2_2023-03,0
8cc0b2_2028-06,1
8cc0b2_2021-01,0
8cc0b2_2030-06,1
1ece59_2020-09,0
1e412e_2024-08,1
1e412e_2025-01,1
1e412e_2026-11,1
1e412e_2027-02,1
1e412e_2020-11,0
1e412e_2028-08,1
1e412e_2026-10,1
88d041_2028-01,1
88d041_2030-08,1
88d041_2022-11,0
88d041_2026-12,1
88d041_2022-04,0
88d041_2024-09,0
cf72e7_2019-01,0
cf72e7_2025-02,1
cf72e7_2023-01,1
cf72e7_2019-02,0
cf72e7_2022-01,0
cf72e7_2022-12,1
cf72e7_2018-07,0
cf72e7_2024-06,1
072ce8_2028-09,1
880359_2028-04,1
880359_2027-11,1
880359_2025-06,1
758e87_2021-01,0
758e87_2024-04,1
565f25_2023-07,0
565f25_2022-01,0
565f25_2021-01,0
565f25_2023-12,0
565f25_2024-09,0
565f25_2023-05,0
565f25_2017-05,0
bf2f01_2019-11,0
bf2f01_2024-03,0
bf2f01_2027-11,1
bf2f01_2022-05,0
bf2f01_2026-10,1
bf2f01_2028-08,1
b4d026_2027-09,1
b4d026_2021-06,0
b4d026_2025-01,1
b4d026_2026-01,1
b4d026_2023-03,0
b4d026_2021-02,0
b4d026_2024-04,1
a71410_2024-04,1
a71410_2026-06,1
a71410_2026-04,1
a71410_2020-04,0
a71410_2026-01,1
a71410_2027-09,1
a71410_2026-09,1
1101fb_2023-03,0
1101fb_2025-01,0
a38c97_2028-07,1
a38c97_2024-03,0
a38c97_2022-08,0
4635b3_2029-07,1
99665c_2024-02,1
99665c_2022-08,0
99665c_2021-11,0
99665c_2022-04,0
99665c_2024-09,1
99665c_2026-04,1
99665c_2024-07,1
99665c_2019-05,0
53e727_2023-01,1
53e727_2023-06,1
53e727_2024-10,1
53e727_2025-08,1
53e727_2016-04,0
53e727_2021-07,1
f6cb56_2030-04,1
f6cb56_2029-05,1
5ef5b2_2023-04,1
5ef5b2_2019-08,0
5ef5b2_2021-09,0
5ef5b2_2019-06,0
675487_2022-12,0
675487_2022-06,0
675487_2022-08,0
675487_2023-12,0
675487_2024-06,0
68181f_2024-10,0
68181f_2029-06,1
2e9a0f_2023-07,1
2e9a0f_2019-11,0
2e9a0f_2018-09,0
2e9a0f_2020-03,1
2e9a0f_2026-07,1
2e9a0f_2021-08,1
2e9a0f_2023-12,1
2e9a0f_2025-05,1
d8b2c2_2027-05,1
d8b2c2_2027-04,1
d8b2c2_2030-10,1
d8b2c2_2029-05,1
d8b2c2_2029-01,1
d8b2c2_2025-05,1
e932cd_2024-03,0
e932cd_2021-10,0
e932cd_2023-11,0
e932cd_2022-04,0
6f9752_2027-09,1
6f9752_2025-11,1
6f9752_2021-05,1
6f9752_2021-04,1
6f9752_2026-03,1
6f9752_2023-01,1
6f9752_2027-05,1
6f9752_2020-11,0
7a34e0_2027-02,1
7a34e0_2025-09,1
7a34e0_2029-06,1
4b3253_2025-05,1
4b3253_2019-02,0
4b3253_2024-06,1
4b3253_2024-08,1
4b3253_2016-12,0
4b3253_2024-11,1
4b3253_2023-11,1
4b3253_2023-02,1
8f5198_2027-02,1
8f5198_2023-04,0
8f5198_2027-06,1
abb4ac_2027-03,1
abb4ac_2020-03,0
abb4ac_2029-08,1
abb4ac_2024-05,1
abb4ac_2024-01,1
abb4ac_2024-12,1
abb4ac_2028-05,1
b9a42b_2029-05,1
b9a42b_2031-04,1
b9a42b_2027-11,1
b9a42b_2032-05,1
b9a42b_2029-01,1
b9a42b_2030-03,1
b9a42b_2024-05,0
02dba8_2023-11,0
02dba8_2021-03,0
02dba8_2023-10,0
02dba8_2017-06,0
821d06_2030-03,1
821d06_2023-12,0
821d06_2028-07,1
821d06_2022-04,0
821d06_2022-05,0
821d06_2023-09,0
821d06_2028-03,1
57572b_2021-10,0
57572b_2021-06,0
57572b_2024-07,0
57572b_2023-06,0
8c895b_2023-06,0
8c895b_2018-12,0
8c895b_2020-10,0
6333d1_2028-10,1
6333d1_2020-09,0
6333d1_2027-12,1
6333d1_2026-10,1
6333d1_2022-11,0
6333d1_2022-10,0
6333d1_2027-04,1
6ab72e_2022-09,0
6ab72e_2019-12,0
6ab72e_2025-10,1
6ab72e_2023-06,1
6ab72e_2019-03,0
6ab72e_2018-12,0
6ab72e_2025-11,1
6ab72e_2018-03,0
564c90_2024-08,1
564c90_2024-10,1
564c90_2020-03,0
564c90_2027-06,1
564c90_2020-08,0
564c90_2020-05,0
ed8975_2022-09,0
ed8975_2023-08,0
ed8975_2023-10,1
30253b_2023-04,1
30253b_2019-03,0
30253b_2023-07,1
30253b_2021-04,0
30253b_2024-02,1
30253b_2025-07,1
30253b_2021-07,0
dc787a_2021-05,0
dc787a_2023-09,1
dc787a_2019-05,0
dc787a_2024-04,1
dc787a_2024-12,1
dc787a_2017-05,0
dc787a_2018-02,0
68d4e4_2023-11,0
68d4e4_2022-02,0
68d4e4_2021-02,0
cf163c_2023-12,1
cf163c_2025-02,1
cf163c_2024-09,1
cf163c_2024-12,1
cf163c_2024-07,1
cf163c_2021-06,1
cf163c_2026-12,1
cf163c_2025-01,1
0f3d54_2027-10,1
0f3d54_2024-12,1
0f3d54_2025-08,1
0f3d54_2021-10,0
0f3d54_2021-08,0
b6238b_2021-10,0
b6238b_2026-03,0
e25df7_2020-10,0
e25df7_2018-04,0
e25df7_2020-07,0
e25df7_2018-07,0
e25df7_2022-11,1
e25df7_2023-01,1
e25df7_2022-10,1
a5a56d_2026-12,1
a5a56d_2025-10,1
a5a56d_2023-02,0
7390db_2024-10,1
7390db_2022-10,1
7390db_2024-12,1
7390db_2025-07,1
7390db_2021-02,1
7390db_2018-10,0
98d94c_2025-11,1
98d94c_2021-07,0
98d94c_2021-06,0
98d94c_2023-07,1
98d94c_2021-01,0
98d94c_2024-11,1
98d94c_2021-05,0
7d8018_2025-09,1
7d8018_2027-09,1
3d13d5_2021-05,0
3d13d5_2021-04,0
3d13d5_2024-07,1
3d13d5_2020-10,0
41ef34_2030-11,1
41ef34_2032-05,1
41ef34_2029-09,1
41ef34_2029-10,1
41ef34_2031-01,1
41ef34_2027-07,1
41ef34_2030-12,1
41ef34_2034-12,1
4ba581_2027-06,1
22655b_2026-02,1
22655b_2030-06,1
22655b_2021-08,0
22655b_2028-06,1
22655b_2027-07,1
22655b_2023-03,1
22655b_2030-12,1
22655b_2025-02,1
7deec3_2029-08,1
7deec3_2021-11,0
7deec3_2029-06,1
7deec3_2022-10,0
7deec3_2028-07,1
7deec3_2023-09,0
66ba8f_2024-11,1
66ba8f_2022-09,0
66ba8f_2020-12,0
66ba8f_2022-10,0
66ba8f_2023-10,0
66ba8f_2024-05,1
043537_2022-11,1
37de8e_2026-05,1
37de8e_2022-07,0
37de8e_2029-07,1
37de8e_2023-01,0
37de8e_2026-04,1
d49bfb_2021-06,0
d49bfb_2026-07,1
f6ed3b_2028-04,1
f6ed3b_2029-07,1
f6ed3b_2027-07,1
f6ed3b_2021-03,0
f6ed3b_2027-06,1
f6ed3b_2022-02,1
f6ed3b_2026-03,1
d4ccfa_2025-11,1
d4ccfa_2025-04,1
d4ccfa_2023-04,1
d4ccfa_2024-08,1
64605e_2026-06,1
64605e_2024-04,0
64605e_2020-08,0
64605e_2027-12,1
64605e_2027-04,1
35e6a1_2021-07,0
35e6a1_2019-05,0
35e6a1_2025-07,1
35e6a1_2021-01,0
35e6a1_2025-10,1
35e6a1_2020-05,0
35e6a1_2015-11,0
7d8956_2025-03,1
7d8956_2022-11,1
5872ba_2025-04,1
5872ba_2024-05,1
5872ba_2021-05,0
5872ba_2026-02,1
5872ba_2024-11,1
5872ba_2021-09,0
a88a14_2027-08,1
a88a14_2023-04,0
a88a14_2025-07,1
a88a14_2025-03,1
a88a14_2024-04,1
a88a14_2022-05,0
77151b_2020-04,0
e2ce24_2016-08,0
e2ce24_2026-02,1
e2ce24_2019-07,0
e2ce24_2022-01,0
e2ce24_2027-05,1
e2ce24_2021-12,0
e2ce24_2027-11,1
e2ce24_2025-11,1
f55621_2022-05,0
f55621_2028-11,1
f55621_2022-10,0
f55621_2026-09,1
f55621_2022-09,0
db9cfb_2027-02,1
db9cfb_2026-12,1
db9cfb_2020-10,0
db9cfb_2026-10,1
db9cfb_2027-07,1
db9cfb_2027-10,1
e58eb2_2027-01,1
e58eb2_2027-03,1
e58eb2_2019-08,0
e58eb2_2025-02,1
e58eb2_2022-07,0
e58eb2_2023-01,0
e58eb2_2027-06,1
32695b_2020-01,0
e30de2_2024-06,1
e30de2_2026-06,1
e30de2_2021-01,1
e30de2_2018-05,0
e30de2_2016-11,0
e30de2_2020-09,0
a57a48_2021-06,0
a57a48_2024-08,0
e0b473_2022-08,0
e0b473_2027-11,1
e0b473_2027-07,1
e0b473_2022-05,0
e0b473_2030-06,1
d92c60_2017-12,0
d92c60_2023-04,1
d92c60_2023-10,1
ef8e85_2023-05,1
ef8e85_2025-10,1
ef8e85_2025-02,1
6852d4_2029-05,1
6852d4_2026-09,1
6852d4_2025-03,1
707b15_2021-04,0
707b15_2021-10,0
707b15_2027-09,1
707b15_2026-07,1
b1a782_2025-01,1
b1a782_2025-10,1
b1a782_2029-01,1
b1a782_2023-09,0
b1a782_2027-10,1
b1a782_2023-10,0
b1a782_2027-08,1
002eab_2028-05,1
002eab_2027-09,1
002eab_2029-04,1
002eab_2027-04,1
002eab_2023-08,0
12c687_2026-04,1
12c687_2021-12,0
12c687_2019-07,0
12c687_2027-12,1
903045_2021-04,0
903045_2017-12,0
903045_2021-05,1
903045_2022-11,1
9f6913_2030-02,1
d0008d_2022-02,0
d0008d_2028-07,1
d0008d_2025-12,1
d0008d_2024-03,0
d0008d_2026-10,1
d0008d_2027-04,1
c783e0_2019-10,0
c783e0_2021-02,0
81852c_2018-12,0
81852c_2025-02,1
81852c_2025-06,1
81852c_2020-10,0
81852c_2019-02,0
fa1596_2021-01,0
fa1596_2020-11,0
fa1596_2023-01,1
fa1596_2022-05,1
fa1596_2018-08,0
fa1596_2017-01,0
fa1596_2017-02,0
5f492b_2027-01,1
5f492b_2020-01,0
5f492b_2021-10,0
5f492b_2024-03,1
d2616e_2019-08,0
d2616e_2021-07,0
53fa23_2020-01,0
53fa23_2020-10,0
53fa23_2024-04,0
53fa23_2024-05,0
9ea307_2025-12,1
89f25a_2017-12,0
89f25a_2023-01,1
89f25a_2023-02,1
d3e23d_2024-06,0
d3e23d_2023-08,0
d3e23d_2025-04,1
568b4f_2019-12,0
568b4f_2019-08,0
568b4f_2025-02,1
568b4f_2020-05,0
568b4f_2026-05,1
61d91d_2022-10,0
686a52_2023-08,0
686a52_2021-05,0
686a52_2027-12,1
686a52_2027-01,1
686a52_2021-08,0
686a52_2025-09,0
686a52_2025-04,0
82c6bc_2026-03,1
82c6bc_2020-02,0
82c6bc_2020-01,0
82c6bc_2025-02,1
82c6bc_2026-07,1
82c6bc_2024-06,1
82c6bc_2019-02,0
82c6bc_2024-09,1
f9746d_2017-04,0
569aba_2019-04,0
e7b90f_2024-07,0
e7b90f_2029-02,1
e7b90f_2022-08,0
e7b90f_2029-06,1
e7b90f_2020-07,0
e7b90f_2027-08,1
e7b90f_2027-01,1
e7b90f_2026-09,1
1341e7_2024-02,0
1341e7_2025-11,0
1341e7_2028-05,1
1341e7_2023-12,0
db86f9_2023-06,0
db86f9_2019-03,0
fa03c6_2019-09,0
169f0d_2028-03,1
60e96d_2025-08,0
60e96d_2025-06,0
fc2746_2019-02,0
fc2746_2022-03,0
fc2746_2015-06,0
fc2746_2018-10,0
fc2746_2022-04,0
09b5d6_2023-09,0
09b5d6_2019-03,0
09b5d6_2021-01,0
09b5d6_2025-10,1
09b5d6_2027-02,1
c78377_2024-08,1
c78377_2022-12,1
c78377_2025-06,1
c78377_2019-09,0
6daa7c_2018-05,0
6daa7c_2024-08,1
6daa7c_2025-06,1
6daa7c_2025-09,1
6daa7c_2018-02,0
6daa7c_2021-10,0
6daa7c_2026-05,1
1d239b_2026-11,1
1d239b_2025-05,0
1d239b_2019-09,0
1d239b_2023-10,0
1d239b_2021-02,0
1d239b_2023-05,0
1d239b_2018-11,0
af4d0a_2025-11,1
af4d0a_2019-11,0
af4d0a_2027-11,1
e2588a_2026-06,1
e2588a_2023-11,0
e2588a_2028-12,1
e2588a_2020-05,0
e2588a_2020-11,0
e2588a_2021-11,0
e2588a_2027-09,1
4a7118_2023-04,0
4a7118_2017-08,0
0c708c_2022-03,0
0c708c_2022-05,0
0c708c_2023-10,0
b20e14_2027-11,1
b20e14_2028-03,1
b20e14_2023-11,0
b20e14_2023-09,0
b20e14_2021-07,0
b20e14_2023-06,0
b20e14_2029-02,1
857362_2021-10,0
857362_2021-12,0
3b394c_2023-08,0
3b394c_2022-07,0
3b394c_2025-03,1
3b394c_2028-04,1
3b394c_2025-07,1
3b394c_2025-09,1
3b394c_2029-05,1
3b394c_2021-06,0
cc2b7d_2030-03,1
cc2b7d_2028-12,1
cc2b7d_2022-05,0
cc2b7d_2030-07,1
cc2b7d_2024-12,0
5fe65d_2031-04,1
5fe65d_2033-09,1
2f28b1_2021-04,0
2f28b1_2023-03,1
2f28b1_2019-01,0
2f28b1_2026-06,1
2f28b1_2016-07,0
2f28b1_2021-01,0
2f28b1_2021-02,0
7c2a6f_2020-06,0
7c2a6f_2020-09,0
7c2a6f_2026-12,1
7c2a6f_2021-06,0
0f51e9_2029-01,1
32ca8b_2022-12,1
32ca8b_2028-11,1
32ca8b_2025-02,1
32ca8b_2027-04,1
529397_2025-05,1
529397_2022-01,0
912fa4_2019-02,0
912fa4_2020-04,0
7758f6_2028-05,1
7758f6_2021-03,0
7758f6_2028-10,1
7758f6_2027-11,1
7758f6_2022-05,0
7758f6_2029-06,1
7758f6_2020-09,0
7758f6_2029-03,1
be8407_2027-01,1
be8407_2023-06,0
be8407_2019-02,0
be8407_2025-09,0
be8407_2021-04,0
be8407_2021-08,0
be8407_2021-05,0
aacd4a_2024-05,1
aacd4a_2021-11,0
aacd4a_2026-03,1
aacd4a_2026-02,1
aacd4a_2026-06,1
ab9e6c_2023-03,0
ab9e6c_2024-07,1
ab9e6c_2019-01,0
ab9e6c_2021-04,0
ab9e6c_2020-10,0
ab9e6c_2021-03,0
ab9e6c_2027-05,1
ab9e6c_2024-08,1
272b37_2029-09,1
a891cb_2022-01,1
a891cb_2024-11,1
a891cb_2020-12,0
a891cb_2023-04,1
a891cb_2020-01,0
a891cb_2019-11,0
b3e951_2019-04,0
47d09d_2017-03,0
47d09d_2025-02,1
47d09d_2019-10,0
47d09d_2024-10,1
729344_2023-07,0
729344_2025-06,1
729344_2028-09,1
729344_2027-04,1
729344_2019-05,0
729344_2024-09,0
729344_2020-11,0
729344_2026-02,1
d01445_2027-02,1
1e8526_2025-09,0
1e8526_2029-02,1
1e8526_2024-01,0
1e8526_2028-06,1
85df82_2019-01,0
85df82_2023-01,1
85df82_2024-09,1
e2119d_2027-05,1
e2119d_2018-09,0
e2119d_2025-04,1
e2119d_2027-08,1
e2119d_2024-01,1
e2119d_2023-12,1
8dd2e5_2026-02,1
8dd2e5_2025-12,1
8dd2e5_2027-03,1
8dd2e5_2023-05,1
75f2e5_2023-10,0
75f2e5_2019-10,0
75f2e5_2021-08,0
7da0d6_2017-01,0
7da0d6_2022-05,0
7da0d6_2020-06,0
7da0d6_2024-01,0
846c00_2020-12,0
846c00_2019-05,0
846c00_2024-12,1
66727d_2018-07,0
66727d_2020-04,1
66727d_2024-12,1
66727d_2020-06,1
66727d_2019-07,0
66727d_2023-10,1
5eaf08_2029-09,1
5eaf08_2024-11,0
5eaf08_2029-05,1
5eaf08_2024-12,0
5eaf08_2021-10,0
5eaf08_2023-05,0
3298c3_2026-05,1
3298c3_2024-02,1
3298c3_2021-09,1
2088c2_2022-12,1
2088c2_2018-09,0
2088c2_2025-07,1
2088c2_2023-02,1
2088c2_2025-02,1
2088c2_2023-08,1
2088c2_2018-12,0
2088c2_2022-04,0
98614d_2024-03,1
98614d_2026-12,1
98614d_2022-07,0
fe7dc6_2025-12,1
fe7dc6_2027-12,1
fe7dc6_2027-10,1
707744_2028-12,1
707744_2027-11,1
707744_2026-07,1
707744_2022-12,0
707744_2023-05,1
707744_2028-07,1
707744_2026-12,1
62441f_2028-02,1
62441f_2021-07,0
ca8a33_2024-10,0
ca8a33_2031-08,1
f979c9_2030-05,1
f979c9_2032-12,1
f979c9_2031-10,1
d3a837_2025-02,0
d3a837_2023-02,0
d3a837_2023-01,0
d3a837_2020-11,0
d3a837_2023-03,0
d3a837_2021-08,0
01c05c_2021-07,0
08ce08_2026-05,1
08ce08_2028-06,1
08ce08_2027-11,1
08ce08_2023-12,1
08ce08_2023-03,1
08ce08_2025-03,1
08ce08_2020-01,0
08ce08_2024-01,1
51b0a1_2021-03,0
51b0a1_2019-07,0
51b0a1_2027-04,1
51b0a1_2021-09,0
be7e9a_2021-12,0
be7e9a_2020-06,0
be7e9a_2023-08,0
be7e9a_2027-12,1
be7e9a_2021-07,0
be7e9a_2019-11,0
06f4d3_2026-07,1
06f4d3_2032-01,1
a78bff_2025-05,1
a78bff_2023-03,0
a78bff_2025-02,1
a78bff_2024-08,1
a78bff_2023-01,0
a78bff_2018-11,0
a78bff_2021-05,0
a78bff_2027-11,1
70977e_2027-06,1
70977e_2027-10,1
70977e_2027-09,1
70977e_2023-04,0
70977e_2023-06,0
70977e_2023-03,0
70977e_2020-11,0
02884d_2021-10,1
02884d_2023-12,1
02884d_2024-04,1
02884d_2022-05,1
02884d_2026-05,1
02884d_2026-01,1
02884d_2022-01,1
02884d_2019-01,0
16fa1f_2025-08,1
16fa1f_2028-05,1
16fa1f_2023-10,0
bfbca1_2023-05,0
bfbca1_2025-03,0
0439c1_2028-06,1
0439c1_2022-06,0
0439c1_2026-05,1
0439c1_2024-03,0
0439c1_2024-02,0
0439c1_2024-05,1
0439c1_2022-01,0
0439c1_2019-12,0
bf86a5_2023-09,0
bf86a5_2021-08,0
bf86a5_2021-10,0
bf86a5_2019-05,0
bf86a5_2026-06,1
bf86a5_2025-10,1
bf86a5_2019-08,0
bf86a5_2023-05,0
d6d769_2026-02,1
d6d769_2022-12,0
d6d769_2022-07,0
d6d769_2025-01,0
d6d769_2024-12,0
d6d769_2021-05,0
d6d769_2021-10,0
9c66bc_2023-03,1
9c66bc_2019-11,0
9c66bc_2020-02,0
9c66bc_2021-11,0
9c66bc_2025-10,1
9c66bc_2017-05,0
9c66bc_2023-08,1
9c66bc_2022-08,1
b70dc7_2022-10,0
b70dc7_2028-05,1
b70dc7_2023-06,0
5bbf12_2028-11,1
5bbf12_2027-08,1
5bbf12_2021-08,0
d91e6b_2020-10,0
d91e6b_2026-12,1
d91e6b_2022-09,0
d91e6b_2028-03,1
d91e6b_2022-05,0
d91e6b_2026-03,1
d91e6b_2023-01,0
144bf1_2019-02,0
144bf1_2024-04,1
5c104a_2027-10,1
5c104a_2024-04,0
5c104a_2028-03,1
5c104a_2018-08,0
5c104a_2026-02,1
5c104a_2025-05,0
20b197_2019-09,0
20b197_2020-06,0
20b197_2024-04,1
20b197_2024-08,1
20b197_2027-05,1
20b197_2019-06,0
20b197_2019-07,0
ed96a0_2030-12,1
ed96a0_2032-01,1
386e49_2029-01,1
386e49_2023-03,0
386e49_2027-02,1
386e49_2026-06,1
386e49_2025-03,0
386e49_2022-09,0
523576_2019-03,0
523576_2023-06,1
523576_2023-10,1
523576_2017-03,0
523576_2025-09,1
523576_2020-09,0
523576_2019-08,0
d36ff9_2025-11,1
d36ff9_2025-08,1
d36ff9_2016-07,0
d36ff9_2024-06,1
d36ff9_2019-11,0
d36ff9_2019-10,0
d36ff9_2021-11,1
d36ff9_2023-11,1
d41093_2026-11,1
d41093_2020-04,0
db86d3_2031-03,1
db86d3_2026-09,1
db86d3_2030-01,1
db86d3_2024-09,1
db86d3_2026-08,1
7486cf_2025-08,1
7486cf_2025-11,1
744c24_2027-09,1
744c24_2027-11,1
744c24_2029-02,1
744c24_2028-08,1
744c24_2025-05,1
744c24_2022-10,0
744c24_2023-05,0
747ab8_2021-04,0
747ab8_2027-06,1
747ab8_2027-09,1
747ab8_2019-03,0
747ab8_2021-09,0
747ab8_2027-02,1
747ab8_2027-01,1
91a3a1_2016-05,0
91a3a1_2016-08,0
91a3a1_2020-07,1
91a3a1_2018-10,0
1da921_2028-01,1
1da921_2024-10,1
1da921_2026-06,1
1da921_2021-06,0
1da921_2020-02,0
1da921_2024-03,0
8f3ffc_2023-05,0
8f3ffc_2029-07,1
8f3ffc_2027-01,1
8f3ffc_2024-12,0
8f3ffc_2023-03,0
8f3ffc_2029-10,1
8f3ffc_2028-01,1
8f3ffc_2027-09,1
3cdaec_2020-09,0
3cdaec_2021-01,0
3cdaec_2028-12,1
3cdaec_2027-12,1
3cdaec_2023-03,0
c18b77_2026-10,1
c18b77_2026-12,1
c18b77_2022-11,0
c18b77_2024-10,0
16b2a4_2028-02,1
a1f56a_2022-03,1
f9eaca_2024-06,0
f9eaca_2023-12,0
f9eaca_2017-01,0
12877b_2024-02,0
12877b_2026-08,1
12877b_2024-08,0
12877b_2024-07,0
12877b_2020-06,0
0898e2_2028-12,1
0898e2_2025-04,0
0898e2_2023-02,0
0898e2_2023-05,0
0898e2_2026-04,1
0898e2_2027-02,1
0898e2_2026-12,1
7c3960_2023-12,1
8cefb2_2023-03,0
8cefb2_2023-08,0
8cefb2_2019-12,0
8cefb2_2024-01,0
8cefb2_2021-12,0
8cefb2_2020-02,0
5a7547_2024-04,0
5a7547_2026-04,1
5a7547_2020-06,0
5a7547_2024-07,0
5a7547_2026-07,1
ebb325_2021-10,1
ebb325_2024-10,1
ebb325_2022-02,1
ebb325_2019-10,0
ebb325_2027-12,1
ac4df8_2030-05,1
ac4df8_2030-06,1
ac4df8_2030-10,1
ac4df8_2030-01,1
ac4df8_2034-03,1
ac4df8_2026-04,1
ac4df8_2028-03,1
64a71f_2024-08,0
64a71f_2023-06,0
64a71f_2028-01,1
64a71f_2025-07,0
64a71f_2020-05,0
64a71f_2024-04,0
64a71f_2024-01,0
324fef_2028-05,1
324fef_2026-03,1
324fef_2024-05,1
324fef_2027-08,1
324fef_2027-04,1
324fef_2027-12,1
324fef_2021-11,0
324fef_2020-04,0
8ad4c9_2029-01,1
8ad4c9_2028-09,1
8ad4c9_2027-04,1
c02800_2028-09,1
c02800_2028-05,1
c02800_2026-03,1
a3ab2a_2027-11,1
a3ab2a_2030-10,1
a3ab2a_2026-06,1
a3ab2a_2031-08,1
5ed258_2022-08,0
5ed258_2024-05,0
5ed258_2023-01,0
5ed258_2019-10,0
5ed258_2018-09,0
5ed258_2025-01,1
e92159_2024-03,0
e92159_2021-11,0
f23a5d_2025-06,1
f23a5d_2021-04,0
da2f7a_2023-04,0
da2f7a_2027-03,1
da2f7a_2020-11,0
da2f7a_2028-09,1
da2f7a_2022-08,0
d43cb8_2021-11,0
d43cb8_2028-03,1
d43cb8_2022-02,0
d43cb8_2020-04,0
d43cb8_2023-11,0
d43cb8_2029-02,1
d43cb8_2023-08,0
d43cb8_2020-01,0
cdb1bf_2022-11,0
cdb1bf_2027-07,1
cdb1bf_2022-06,0
cdb1bf_2027-08,1
cdb1bf_2025-01,0
cdb1bf_2027-06,1
cdb1bf_2020-11,0
cdb1bf_2026-08,1
9a2b69_2021-05,0
9a2b69_2025-12,1
9a2b69_2021-03,0
9a2b69_2017-01,0
9a2b69_2019-05,0
9a2b69_2021-02,0
9a2b69_2016-02,0
dbabf9_2027-04,1
dbabf9_2025-05,1
dbabf9_2019-04,0
dbabf9_2019-03,0
dbabf9_2027-01,1
dbabf9_2022-08,0
6172bf_2021-02,0
6172bf_2019-07,0
6172bf_2023-09,1
6172bf_2022-01,1
6172bf_2018-10,0
6172bf_2018-07,0
08647c_2023-01,1
08647c_2023-12,1
08647c_2024-01,1
08647c_2022-12,1
08647c_2025-02,1
1844e5_2023-09,0
1844e5_2028-07,1
1844e5_2023-12,0
a32daf_2020-02,0
a32daf_2026-08,1
a32daf_2025-04,0
a32daf_2017-02,0
cfda0b_2025-11,1
cfda0b_2020-12,0
cfda0b_2025-12,1
cfda0b_2024-11,0
f0e3f0_2019-01,0
f0e3f0_2023-11,0
f0e3f0_2025-01,1
a33bc6_2025-01,0
a33bc6_2019-03,0
a33bc6_2022-02,0
a33bc6_2016-10,0
a33bc6_2027-01,1
a33bc6_2023-03,0
a33bc6_2023-01,0
0bdf39_2021-06,0
27e6f6_2025-07,0
27e6f6_2025-03,0
63f2f2_2024-09,0
63f2f2_2022-03,0
63f2f2_2026-11,1
63f2f2_2026-07,1
63f2f2_2022-10,0
281c9a_2026-04,1
281c9a_2022-04,0
48647e_2021-07,0
48647e_2025-08,1
48647e_2022-03,1
f3cbf0_2020-02,0
f3cbf0_2025-01,1
c9d5d4_2021-03,0
c9d5d4_2021-05,0
c9d5d4_2021-07,1
c9d5d4_2024-09,1
c9d5d4_2021-02,0
c9d5d4_2025-11,1
c9d5d4_2022-12,1
c9d5d4_2018-12,0
119f57_2029-02,1
119f57_2027-01,1
119f57_2025-01,0
119f57_2022-12,0
119f57_2019-07,0
119f57_2021-02,0
119f57_2021-10,0
119f57_2026-05,1
7c9771_2019-02,0
7c9771_2017-09,0
7c9771_2022-04,1
7c9771_2024-01,1
7c9771_2018-02,0
7c9771_2019-08,0
7c9771_2019-07,0
7c9771_2026-12,1
aa31c0_2021-01,0
aa31c0_2018-08,0
aa31c0_2026-05,1
aa31c0_2026-12,1
aa31c0_2026-09,1
ed5c9c_2028-08,1
ed5c9c_2023-06,0
ed5c9c_2027-10,1
ed5c9c_2021-06,0
ed5c9c_2027-12,1
ed5c9c_2020-11,0
41cfa1_2026-07,1
41cfa1_2022-02,0
41cfa1_2024-01,0
95a1b3_2026-12,1
95a1b3_2020-07,0
95a1b3_2024-11,0
95a1b3_2022-04,0
95a1b3_2021-10,0
95a1b3_2019-01,0
95a1b3_2022-07,0
95a1b3_2022-09,0
6e191a_2028-09,1
6e191a_2026-08,1
6e191a_2026-05,1
6e191a_2030-08,1
6e191a_2024-02,0
6e191a_2023-05,0
6e191a_2029-02,1
7a627f_2017-09,0
7a627f_2025-03,1
7a627f_2021-02,0
c88e31_2019-12,0
c88e31_2022-01,0
c88e31_2021-10,0
c88e31_2017-09,0
c88e31_2024-05,1
c88e31_2025-12,1
c88e31_2026-11,1
c88e31_2019-04,0
fb564d_2024-12,0
fb564d_2028-02,1
fb564d_2023-10,0
fb564d_2026-03,1
fb564d_2027-06,1
fb564d_2030-08,1
fb564d_2030-04,1
fb564d_2031-06,1
09fe89_2025-12,1
09fe89_2023-05,1
09fe89_2020-05,1
09fe89_2021-07,1
602581_2025-12,0
602581_2028-06,1
ab83ce_2028-05,1
ab83ce_2031-03,1
ab83ce_2028-10,1
ab83ce_2032-10,1
ab83ce_2030-01,1
ab83ce_2034-06,1
ab83ce_2024-10,0
ab83ce_2030-11,1
d3176c_2022-10,1
d3176c_2022-08,0
d3176c_2023-03,1
d3a484_2021-03,0
d3a484_2025-05,1
d3a484_2023-03,0
29bf18_2021-08,0
29bf18_2023-11,0
29bf18_2027-12,1
29bf18_2025-11,0
29bf18_2023-12,0
66d112_2023-10,0
66d112_2025-02,1
66d112_2019-10,0
66d112_2023-12,0
66d112_2021-11,0
66d112_2028-07,1
66d112_2026-06,1
66d112_2018-05,0
dc9174_2020-12,0
dc9174_2022-04,0
dc9174_2015-07,0
dc9174_2017-07,0
dc9174_2022-11,0
dc9174_2022-12,0
dc9174_2019-02,0
70861f_2027-03,1
70861f_2025-04,0
70861f_2023-06,0
70861f_2028-09,1
ec0949_2025-01,1
ec0949_2019-07,0
ec0949_2023-12,1
ec0949_2022-09,1
a6383a_2023-04,1
a6383a_2017-11,0
a6383a_2023-09,1
a6383a_2019-01,0
a6383a_2020-08,0
a6383a_2024-10,1
9c4bd5_2022-12,0
9c4bd5_2021-07,0
9c4bd5_2018-07,0
9c4bd5_2025-12,1
9c4bd5_2022-01,0
261997_2017-11,0
261997_2022-12,1
261997_2019-01,0
261997_2025-05,1
261997_2020-12,1
261997_2021-04,1
261997_2023-12,1
3fceca_2019-03,0
3fceca_2022-07,0
3fceca_2026-09,1
3fceca_2025-12,1
3fceca_2023-11,0
3fceca_2025-01,0
efb9f1_2025-10,1
efb9f1_2027-06,1
efb9f1_2025-12,1
efb9f1_2030-03,1
efb9f1_2020-04,0
efb9f1_2028-03,1
efb9f1_2027-01,1
efb9f1_2025-06,0
24e25f_2028-11,1
24e25f_2027-04,1
24e25f_2028-08,1
24e25f_2026-09,1
24e25f_2022-05,0
24e25f_2027-07,1
24e25f_2021-04,0
24e25f_2026-06,1
c3b70f_2025-03,1
c3b70f_2024-09,1
c3b70f_2029-08,1
c3b70f_2029-02,1
c3b70f_2027-06,1
c3b70f_2022-12,0
e600a7_2026-08,1
e600a7_2022-02,0
e600a7_2019-05,0
e600a7_2021-11,0
e600a7_2024-04,0
e600a7_2024-09,0
8be3a7_2026-01,1
8be3a7_2023-04,0
8be3a7_2020-06,0
8be3a7_2024-10,0
8be3a7_2023-08,0
71a424_2025-09,0
71a424_2029-09,1
71a424_2026-01,0
71a424_2027-07,1
2a9674_2025-09,1
2a9674_2022-12,1
2a9674_2025-07,1
2d6473_2026-07,1
2d6473_2027-02,1
2d6473_2025-05,1
2d6473_2025-09,1
2d6473_2028-10,1
2d6473_2026-08,1
860939_2028-08,1
860939_2024-09,0
860939_2019-04,0
860939_2021-07,0
860939_2024-06,0
6a24ec_2026-03,1
5863fc_2020-01,0
5863fc_2025-01,1
5863fc_2026-10,1
5863fc_2024-02,1
982dc3_2026-03,1
982dc3_2024-11,1
982dc3_2020-10,0
e580a4_2020-05,0
dc91cc_2020-03,0
dc91cc_2027-07,1
dc91cc_2026-01,1
dc91cc_2027-05,1
dc91cc_2025-11,0
dc91cc_2024-06,0
dc91cc_2021-08,0
dc91cc_2026-05,1
26f93d_2026-05,1
26f93d_2019-11,0
26f93d_2023-11,0
26f93d_2024-02,0
26f93d_2027-07,1
49ab2f_2034-03,1
49ab2f_2025-06,0
49ab2f_2032-02,1
49ab2f_2027-08,1
49ab2f_2033-06,1
49ab2f_2033-02,1
77b3ce_2025-07,0
77b3ce_2026-04,1
77b3ce_2024-03,0
77b3ce_2023-08,0
77b3ce_2024-05,0
77b3ce_2022-04,0
77b3ce_2023-06,0
77b3ce_2024-08,0
6d9880_2022-07,0
6d9880_2022-02,0
6d9880_2026-07,1
6d9880_2022-03,0
56be25_2024-11,0
56be25_2019-06,0
56be25_2017-12,0
334a21_2029-07,1
334a21_2025-07,1
334a21_2029-09,1
334a21_2026-04,1
334a21_2027-07,1
ca2872_2021-02,0
ca2872_2029-09,1
ca2872_2026-12,1
171b7a_2022-10,0
171b7a_2024-01,0
171b7a_2021-12,0
171b7a_2025-09,0
171b7a_2020-10,0
b30953_2029-07,1
b30953_2025-04,1
b30953_2027-11,1
b30953_2022-08,0
c97277_2017-11,0
c97277_2019-04,0
c97277_2019-05,0
c97277_2021-02,0
c97277_2021-04,0
c97277_2019-02,0
c97277_2024-04,0
0f870a_2030-08,1
0f870a_2028-02,1
0f870a_2029-05,1
0f870a_2019-04,0
0f870a_2026-09,1
0f870a_2024-09,0
0f870a_2028-10,1
0f870a_2026-03,0
a4f260_2035-01,1
a4f260_2032-08,1
a4f260_2028-09,1
a4f260_2034-09,1
e732cd_2025-07,0
e732cd_2026-10,1
f5bca0_2017-02,0
f5bca0_2022-04,0
f5bca0_2024-05,0
f5bca0_2021-11,0
f5bca0_2021-10,0
468795_2017-01,0
468795_2025-06,1
468795_2019-03,0
468795_2021-08,0
468795_2025-10,1
468795_2019-01,0
468795_2025-11,1
468795_2022-05,0
d30b32_2026-10,1
ceb905_2028-05,1
ceb905_2029-02,1
ceb905_2030-03,1
ceb905_2026-03,1
7c4455_2022-01,0
7c4455_2027-07,1
a833d3_2023-05,1
a833d3_2025-08,1
a833d3_2023-11,1
a833d3_2018-12,0
a833d3_2021-06,0
a833d3_2019-08,0
a833d3_2017-05,0
406e1c_2018-08,0
552803_2024-02,1
552803_2024-03,1
552803_2020-10,0
552803_2020-11,0
552803_2022-10,1
780f16_2022-01,1
780f16_2016-09,0
780f16_2024-03,1
780f16_2022-11,1
780f16_2023-11,1
780f16_2023-10,1
780f16_2024-11,1
42fb8e_2025-06,1
eed920_2025-10,1
eed920_2026-06,1
4fe318_2031-07,1
4fe318_2026-09,1
4fe318_2024-08,0
4fe318_2031-04,1
4fe318_2028-08,1
4b387a_2025-11,1
4b387a_2017-12,0
4b387a_2020-01,0
4b387a_2020-06,0
4b387a_2024-12,1
4b387a_2025-07,1
4b387a_2026-05,1
af1773_2027-02,1
af1773_2020-03,0
af1773_2024-09,1
af1773_2026-09,1
af1773_2025-06,1
2ee526_2029-07,1
2ee526_2019-08,0
2ee526_2028-12,1
2ee526_2022-08,0
2ee526_2020-10,0
2ee526_2026-05,1
fb9753_2023-01,0
fb9753_2026-06,1
fb9753_2020-03,0
fb9753_2024-08,1
fb9753_2026-02,1
fb9753_2021-05,0
fb9753_2022-01,0
dd2da1_2022-10,0
dd2da1_2023-02,0
dd2da1_2028-11,1
e7126d_2022-06,0
e7126d_2027-09,1
e7126d_2026-12,1
e7126d_2021-05,0
6e309e_2026-04,1
6e309e_2020-05,0
6e309e_2026-07,1
6e309e_2022-05,0
6e309e_2022-03,0
6e309e_2025-10,1
6e309e_2028-11,1
6e309e_2024-01,0
bd1872_2017-07,0
bd1872_2022-10,1
bd1872_2025-02,1
bd1872_2019-02,0
9a43bb_2024-05,0
9a43bb_2028-03,1
9a43bb_2028-04,1
9a43bb_2023-09,0
9a43bb_2027-06,1
9a43bb_2029-07,1
9a43bb_2030-08,1
9a43bb_2023-10,0
047c3b_2020-12,0
047c3b_2021-01,0
047c3b_2025-08,1
047c3b_2023-01,0
047c3b_2026-11,1
047c3b_2019-10,0
0c7134_2029-10,1
0c7134_2025-12,1
0c7134_2025-03,0
0c7134_2023-12,0
0c7134_2027-04,1
0c7134_2023-06,0
3afab0_2028-01,1
3afab0_2028-03,1
ef9ba6_2028-10,1
ef9ba6_2022-07,0
ef9ba6_2027-02,1
c58557_2028-01,1
c58557_2029-09,1
0e2ce0_2028-12,1
17cc99_2026-09,1
17cc99_2021-12,0
17cc99_2019-07,0
17cc99_2022-02,0
17cc99_2028-02,1
17cc99_2025-04,1
17cc99_2026-01,1
662d46_2023-03,0
662d46_2021-08,0
662d46_2026-06,1
f183cf_2018-09,0
f183cf_2021-06,0
f183cf_2017-05,0
f183cf_2020-10,0
f183cf_2015-10,0
920089_2028-09,1
920089_2027-12,1
920089_2026-09,1
920089_2022-08,0
aee322_2024-08,1
aee322_2022-04,0
aee322_2029-01,1
3509f6_2026-03,0
3509f6_2023-10,0
3509f6_2023-01,0
774010_2026-09,1
774010_2022-01,0
774010_2022-03,0
774010_2022-02,0
009e95_2021-12,0
009e95_2024-10,1
009e95_2021-06,0
009e95_2025-11,1
77ee55_2022-04,0
76be3d_2019-05,0
76be3d_2027-04,1
76be3d_2024-08,1
76be3d_2020-11,0
76be3d_2025-04,1
76be3d_2024-02,0
553c0f_2021-12,0
553c0f_2022-01,1
553c0f_2023-12,1
bed435_2021-06,1
bed435_2020-11,1
1dfc25_2021-08,1
1dfc25_2020-09,1
1dfc25_2025-04,1
1dfc25_2021-07,1
f4b122_2030-09,1
f4b122_2021-04,0
f4b122_2030-08,1
f4b122_2026-09,1
f4b122_2024-09,1
f4b122_2027-09,1
f4b122_2024-11,1
f4b122_2024-04,0
c91034_2021-03,0
c91034_2023-11,0
c91034_2018-06,0
b7299a_2025-03,0
b7299a_2023-06,0
b7299a_2021-11,0
b7299a_2027-05,1
b8edf3_2019-11,0
b8edf3_2019-06,0
b8edf3_2025-08,1
b8edf3_2016-09,0
b8edf3_2017-07,0
b8edf3_2023-05,0
b8edf3_2019-08,0
b8edf3_2023-11,0
bd5727_2025-02,1
52ab65_2021-05,0
52ab65_2023-08,0
52ab65_2023-04,0
5d4c4c_2022-09,1
5d4c4c_2022-04,1
5d4c4c_2015-08,0
5d4c4c_2023-06,1
5d4c4c_2023-01,1
5d4c4c_2019-01,0
5d4c4c_2017-01,0
e3a798_2027-04,1
e3a798_2025-08,0
e3a798_2025-09,0
e3a798_2023-06,0
e3a798_2025-04,0
e3a798_2023-01,0
e3a798_2027-05,1
e3a798_2028-08,1
7aa833_2019-01,0
7aa833_2023-07,0
7aa833_2025-07,1
7aa833_2022-09,0
7aa833_2017-03,0
2cf591_2025-10,0
2cf591_2022-08,0
2cf591_2023-11,0
2cf591_2029-11,1
2cf591_2026-03,1
2cf591_2025-12,0
2cf591_2023-07,0
077ee1_2020-05,1
077ee1_2026-10,1
8a96d9_2032-08,1
1ac50a_2018-09,0
1ac50a_2024-03,1
943dc0_2029-02,1
58b70f_2024-03,0
58b70f_2023-03,0
58b70f_2019-03,0
58b70f_2024-07,0
58b70f_2021-07,0
58b70f_2026-12,1
58b70f_2026-05,1
428bf4_2028-07,1
428bf4_2032-07,1
428bf4_2033-05,1
428bf4_2032-08,1
428bf4_2030-03,1
428bf4_2029-01,1
428bf4_2027-03,1
98e093_2029-11,1
98e093_2021-10,0
98e093_2027-02,1
98e093_2025-12,0
7939dd_2018-12,0
7939dd_2023-06,0
7939dd_2024-04,1
7939dd_2022-08,0
7939dd_2018-01,0
ff5997_2025-01,0
8516ed_2030-10,1
8516ed_2026-10,1
8516ed_2028-04,1
8516ed_2026-03,1
9adadf_2022-03,0
9adadf_2025-06,1
9adadf_2025-07,1
9adadf_2026-01,1
9adadf_2029-07,1
3b75e8_2027-01,1
3b75e8_2024-06,1
3b75e8_2027-06,1
3b75e8_2024-08,1
3b75e8_2023-10,0
3b75e8_2025-11,1
3b75e8_2022-06,0
5b9f5b_2027-04,1
5b9f5b_2028-09,1
5b9f5b_2025-09,0
5b9f5b_2023-05,0
5b9f5b_2029-10,1
0526ac_2026-11,1
0526ac_2024-05,1
282771_2020-06,0
282771_2024-02,1
282771_2026-11,1
eba006_2022-02,0
81f992_2028-09,1
9500b7_2022-02,0
9500b7_2023-10,0
9500b7_2018-02,0
02d1d2_2022-11,0
02d1d2_2020-11,0
02d1d2_2020-06,0
02d1d2_2024-11,1
02d1d2_2029-09,1
83d8b0_2027-01,1
83d8b0_2026-04,1
83d8b0_2029-04,1
83d8b0_2028-04,1
83d8b0_2026-08,1
b3b6dc_2015-11,0
b3b6dc_2025-01,1
b3b6dc_2025-06,1
b3b6dc_2021-06,1
b3b6dc_2019-02,0
b3b6dc_2023-11,1
b3b6dc_2021-07,1
b3b6dc_2023-05,1
6fa2ee_2024-08,1
6fa2ee_2021-11,0
6fa2ee_2024-07,1
eb6702_2021-11,0
eb6702_2023-10,0
eb6702_2025-09,0
a0bd9f_2026-11,1
a0bd9f_2024-10,1
a0bd9f_2021-08,0
a0bd9f_2029-02,1
a0bd9f_2031-02,1
a0bd9f_2027-08,1
a0bd9f_2029-03,1
0932c4_2028-01,1
0932c4_2032-02,1
0932c4_2026-09,1
0932c4_2033-03,1
0932c4_2028-10,1
0932c4_2028-08,1
1f0dba_2024-10,0
b12ea9_2021-04,0
b12ea9_2022-05,1
b12ea9_2021-03,0
b12ea9_2019-04,0
b12ea9_2017-09,0
b12ea9_2021-10,1
b12ea9_2019-01,0
19ee47_2027-11,1
19ee47_2030-03,1
19ee47_2026-07,1
19ee47_2028-05,1
19ee47_2028-03,1
68560c_2026-10,1
68560c_2028-09,1
68560c_2028-05,1
68560c_2024-09,0
68560c_2022-08,0
68560c_2024-04,0
68560c_2027-08,1
68560c_2022-05,0
bb1802_2028-07,1
bb1802_2025-02,0
bb1802_2024-07,0
bb1802_2026-03,1
902337_2021-10,0
902337_2019-12,0
902337_2025-12,1
902337_2027-04,1
902337_2019-10,0
195f58_2024-05,1
195f58_2023-07,1
195f58_2028-04,1
82d58e_2018-08,0
82d58e_2023-06,0
82d58e_2025-01,1
82d58e_2018-09,0
82d58e_2023-02,0
61b64d_2026-06,1
61b64d_2027-11,1
61b64d_2021-10,0
61b64d_2021-11,0
9798c9_2028-02,1
9798c9_2024-03,1
9798c9_2027-06,1
9798c9_2021-09,0
65f7d4_2027-03,1
65f7d4_2027-02,1
540bd5_2024-12,1
9cd0b5_2027-11,1
3144e9_2026-04,1
3144e9_2024-08,0
3144e9_2029-04,1
3144e9_2028-07,1
3144e9_2028-03,1
3144e9_2024-07,0
691b4a_2023-07,0
691b4a_2026-04,1
691b4a_2021-01,0
691b4a_2024-07,1
691b4a_2023-09,0
29b687_2026-09,1
3367e6_2025-04,1
3367e6_2024-01,0
3367e6_2021-06,0
3367e6_2018-03,0
3367e6_2022-01,0
3367e6_2019-07,0
3367e6_2015-12,0
4bd4b6_2028-01,1
4bd4b6_2024-11,0
4bd4b6_2027-11,1
4bd4b6_2032-03,1
86e116_2026-02,1
86e116_2023-01,1
86e116_2025-03,1
9bb7bc_2023-12,0
9bb7bc_2024-07,0
9bb7bc_2022-03,0
9bb7bc_2026-06,1
9bb7bc_2023-08,0
9bb7bc_2028-03,1
9e933c_2030-01,1
9e933c_2031-05,1
9e933c_2034-08,1
9e933c_2032-02,1
9e933c_2033-05,1
b22735_2024-02,0
b22735_2021-11,0
b22735_2024-07,0
b22735_2018-07,0
b22735_2023-08,0
bb8c69_2025-08,0
bb8c69_2020-02,0
bb8c69_2025-07,0
d6765d_2031-10,1
d6765d_2029-08,1
d6765d_2026-02,1
7fc77d_2027-04,1
7fc77d_2022-08,0
7fc77d_2025-10,1
7fc77d_2025-11,1
7fc77d_2024-04,1
7fc77d_2026-08,1
bbbbe6_2020-07,0
910999_2025-08,1
910999_2027-05,1
910999_2025-06,1
910999_2023-08,0
910999_2025-01,1
6ee9a2_2023-05,0
6ee9a2_2024-01,0
6ee9a2_2023-02,0
6ee9a2_2026-03,1
6ee9a2_2025-10,1
6f3fad_2029-03,1
6f3fad_2022-08,0
6f3fad_2023-11,0
92926e_2024-12,1
92926e_2022-03,0
92926e_2018-02,0
92926e_2023-12,1
92926e_2022-04,0
92926e_2026-08,1
92926e_2026-01,1
92926e_2024-01,1
fcf175_2024-04,1
fcf175_2026-02,1
fcf175_2024-02,1
fcf175_2028-06,1
fcf175_2020-04,1
fcf175_2022-06,1
5fee07_2020-11,0
5fee07_2020-10,0
5fee07_2020-09,0
5fee07_2024-11,1
5fee07_2022-01,1
5fee07_2022-11,1
e768cf_2025-09,1
e768cf_2023-06,0
e768cf_2023-03,0
e768cf_2020-10,0
e768cf_2027-02,1
e768cf_2020-01,0
e9ff50_2023-09,1
e9ff50_2025-11,1
e9ff50_2023-10,1
e9ff50_2017-08,0
a5ba39_2021-02,0
a5ba39_2017-11,0
a5ba39_2025-06,1
1b548e_2023-12,1
1b548e_2018-05,0
1b548e_2022-09,0
1b548e_2025-08,1
1b548e_2019-01,0
1b548e_2020-12,0
1b548e_2020-06,0
1b548e_2025-01,1
25a31e_2024-11,0
25a31e_2024-09,0
25a31e_2026-01,0
25a31e_2028-10,1
25a31e_2023-10,0
25a31e_2030-06,1
25a31e_2022-03,0
524cec_2025-09,1
524cec_2020-01,0
524cec_2021-11,0
524cec_2026-06,1
524cec_2023-02,0
524cec_2019-10,0
870048_2018-05,0
870048_2025-03,1
870048_2021-11,1
870048_2022-07,1
870048_2020-11,1
870048_2023-06,1
870048_2024-10,1
870048_2020-10,0
f18c82_2032-10,1
f18c82_2028-09,1
f18c82_2026-08,1
f18c82_2024-08,0
f18c82_2026-11,1
e16aaa_2024-03,1
e16aaa_2024-05,1
e16aaa_2020-09,0
e16aaa_2029-07,1
e16aaa_2030-01,1
e16aaa_2025-10,1
e16aaa_2026-04,1
f4102f_2023-09,0
b1e355_2025-05,1
b1e355_2021-01,0
b1e355_2015-07,0
b1e355_2020-12,0
b1e355_2019-01,0
b1e355_2018-12,0
b1e355_2015-08,0
b1e355_2020-11,0
b8be68_2025-01,1
b8be68_2021-01,0
b8be68_2019-01,0
b8be68_2023-06,1
b8be68_2023-02,1
b8be68_2024-06,1
b8be68_2018-11,0
a535d3_2022-04,0
a535d3_2020-04,0
0b6123_2022-06,0
0b6123_2026-12,1
0b6123_2027-10,1
0b6123_2024-05,0
0b6123_2028-04,1
